candidate_id,candidate_name,candidate_type,region_code,region_name,latitude,longitude,covered_grid_ids
candidate_01550f309e48c821,김봉리경로당,마을회관및경로당,48890310,봉산면,35.6271453,128.0428254,"[""라마49a36b""]"
candidate_01a8ee2f49dde830,옥산할머니경로당,경로당,48890250,합천읍,35.5695358,128.1625169,"[""라마60a30b""]"
candidate_01d64eb66e70b114,해곡경로당,마을회관및경로당,48890460,용주면,35.533683,128.1231196,"[""라마56a26b""]"
candidate_020552633b5586d7,각곡경로당,마을회관및경로당,48890360,초계면,35.5472234,128.2400622,"[""라마67a28a""]"
candidate_023ece0e3bffa4b7,하매 경로당,마을회관및경로당,48890330,가야면,35.7290003,128.1158935,"[""라마55b48a""]"
candidate_0252f4988eeea580,내사경로당,마을회관및경로당,48890440,가회면,35.4380496,128.0838634,[]
candidate_038572acb8c0b397,이천 경로당,마을회관및경로당,48890330,가야면,35.7319008,128.1380837,"[""라마57b48b""]"
candidate_03cfa46e74c48ef7,노양2구경로당,마을회관및경로당,48890350,율곡면,35.623122,128.1932712,"[""라마62b36b""]"
candidate_040ddbc01ac05a57,제촌경로당,마을회관및경로당,48890370,쌍책면,35.5702424,128.2787881,"[""라마70b30b""]"
candidate_05c878bc69a21e21,들말경로당,마을회관및경로당,48890430,삼가면,35.3932468,128.1198249,"[""라마56a10b"",""라마56a11a""]"
candidate_06a9745d1cfbf35f,오산경로당,마을회관및경로당,48890410,대양면,35.4995045,128.2306721,"[""라마66a22b""]"
candidate_0751680455acb1e4,손목경로당,마을회관및경로당,48890460,용주면,35.55393914,128.127916,"[""라마56b28b""]"
candidate_0795eedecb594ea9,신기동경로당,경로당,48890310,봉산면,35.59780799,128.0676742,"[""라마51a33b""]"
candidate_07c578df9529dd0c,노와진경로당,마을회관및경로당,48890350,율곡면,35.61586361,128.194821,"[""라마62b35b""]"
candidate_0818409566edab05,하목곡경로당,경로당,48890440,가회면,35.4496523,128.0091217,"[""라마46a17a""]"
candidate_08bc864bc30f459a,교동경로당,마을회관및경로당,48890430,삼가면,35.4077511,128.1190206,"[""라마56a12b""]"
candidate_08c0b62045d76f67,계동경로당,마을회관및경로당,48890320,묘산면,35.6804653,128.1500147,"[""라마58b42b""]"
candidate_08e329bbb44c9823,어은경로당,마을회관및경로당,48890430,삼가면,35.3989466,128.1167838,"[""라마55b11b"",""라마56a11b""]"
candidate_096566a18cbae334,평구할머니경로당,경로당,48890420,쌍백면,35.43960257,128.144555,"[""라마58a16a"",""라마58b16a""]"
candidate_096896e112795f5d,양림할머니경로당,경로당,48890400,적중면,35.5384686,128.2669554,"[""라마69a27a"",""라마69b27a""]"
candidate_09983add7c62784f,중촌경로당,마을회관및경로당,48890410,대양면,35.4922133,128.1943068,[]
candidate_09d743be100f1094,양리고정경로당,경로당,48890450,대병면,35.5051292,128.031726,"[""라마48a23a""]"
candidate_0a51244aaa199525,둔전성지동경로당,마을회관및경로당,48890350,율곡면,35.5859449,128.2120839,[]
candidate_0a68269973c99a2f,봉기경로당,경로당,48890440,가회면,35.43376569,128.0337739,"[""라마48a15a""]"
candidate_0be2bfe4a0c6d219,박곡원촌경로당,경로당,48890370,쌍책면,35.63520625,128.2545461,"[""라마68a37b""]"
candidate_0cca55d326abe3da,유계경로당,마을회관및경로당,48890360,초계면,35.54071385,128.244818,[]
candidate_0f6a41367a59e3f8,우곡(앙진)경로당,마을회관및경로당,48890390,청덕면,35.5192679,128.3640018,"[""라마78a25a""]"
candidate_0ff6a3e96e7c21a9,내촌경로당,마을회관및경로당,48890370,쌍책면,35.5759237,128.281522,"[""라마70b31a""]"
candidate_0ff85e712c480884,창동경로당,마을회관및경로당,48890250,합천읍,35.5632682,128.1579703,"[""라마59b29b""]"
candidate_108c21a6dd87609b,외죽고경로당,경로당,48890400,적중면,35.5660257,128.3005502,"[""라마72a30a"",""라마72b30a""]"
candidate_10be88f0846cce95,나대1구(상나대) 경로당,마을회관및경로당,48890340,야로면,35.7416171,128.173977,"[""라마60b49b""]"
candidate_115594e63a9ef805,야로경로당(분회),경로당,48890340,야로면,35.7052172,128.1698838,"[""라마60b45b""]"
candidate_11984d592f19080a,하도리경로당,마을회관및경로당,48890410,대양면,35.5005114,128.1529642,"[""라마59a22b""]"
candidate_12f9b19c9b777400,동리경로당,마을회관및경로당,48890430,삼가면,35.4182128,128.1468072,"[""라마58b13b""]"
candidate_131684d3673db6ab,죽죽경로당,마을회관및경로당,48890460,용주면,35.5499625,128.0371702,"[""라마48b28a""]"
candidate_1375121368f4950c,장전경로당,마을회관및경로당,48890460,용주면,35.5082491,128.107781,"[""라마55a23b""]"
candidate_1431c936bba58658,공곡경로당,마을회관및경로당,48890320,묘산면,35.6546245,128.1336876,"[""라마57a39b"",""라마57a40a""]"
candidate_146a0163bcfe182b,안정골경로당,마을회관및경로당,48890390,청덕면,35.5179273,128.3252215,"[""라마74b24b"",""라마74b25a""]"
candidate_14ef828ff9d22cdb,가호2구경로당,마을회관및경로당,48890460,용주면,35.5509059,128.065484,"[""라마51a28a"",""라마51a28b""]"
candidate_14ff00701eef3af7,대지1구곰실경로당,경로당,48890450,대병면,35.5379139,127.9741246,[]
candidate_15a2c0336ffbd6af,양전경로당,마을회관및경로당,48890430,삼가면,35.4258045,128.1375704,"[""라마57b14b""]"
candidate_15a77a5f359940a5,회양율정경로당,마을회관및경로당,48890450,대병면,35.5200848,128.0245102,"[""라마47b25a""]"
candidate_15a8c3f7f2f0dc05,한주경로당,경로당,48890250,합천읍,35.5687981,128.1548184,"[""라마59a30a"",""라마59a30b""]"
candidate_15e77a7be949a40f,범구주경로당,마을회관및경로당,48890350,율곡면,35.5790099,128.2036029,"[""라마63b31b""]"
candidate_15f9b2559c27529b,오서경로당,마을회관및경로당,48890370,쌍책면,35.574736,128.2687417,"[""라마69b31a""]"
candidate_163a0d99b4198ebc,구미1구 경로당,마을회관및경로당,48890330,가야면,35.7397891,128.101493,"[""라마54a49a""]"
candidate_170ea4c68211ff04,봉계경로당,마을회관및경로당,48890310,봉산면,35.6107185,128.0243419,"[""라마47a35a""]"
candidate_1733e5cd16421d64,무릉경로당,마을회관및경로당,48890360,초계면,35.52944292,128.2421924,"[""라마67a26a""]"
candidate_18d8b710dd2c21a0,정곡경로당,마을회관및경로당,48890360,초계면,35.5219102,128.2501305,"[""라마67b25a"",""라마68a25a""]"
candidate_191a46e421d48c92,창동경로당,경로당,48890460,용주면,35.5084693,128.1134035,"[""라마55b23b""]"
candidate_1956a664253b496a,골말경로당,경로당,48890440,가회면,35.4204166,128.0330472,"[""라마48a13b""]"
candidate_1ac3beca72ae9935,육정경로당,경로당,48890250,합천읍,35.6061652,128.1181217,"[""라마55b34b"",""라마56a34b""]"
candidate_1aedcaf407401c29,하적포경로당,마을회관,48890390,청덕면,35.5569836,128.3479586,"[""라마76b29a""]"
candidate_1bc4be4e5fc0c0c8,신평경로당,마을회관및경로당,48890250,합천읍,35.6277748,128.1398475,"[""라마57b37a""]"
candidate_1c406ab736b4e146,원당경로당,마을회관및경로당,48890360,초계면,35.5377414,128.2398244,"[""라마67a27a""]"
candidate_1d052fe500782891,월평2구경로당,마을회관및경로당,48890460,용주면,35.5797413,128.1227611,"[""라마56a31b""]"
candidate_1e09cd450a69a442,사촌1구 경로당,마을회관및경로당,48890330,가야면,35.7505107,128.1254333,"[""라마56b50b""]"
candidate_1f53f34eb944666f,손목2구경로당,마을회관및경로당,48890460,용주면,35.5556162,128.1269048,"[""라마56b28b"",""라마56b29a""]"
candidate_20399ca2a7b8d0c6,학동경로당,마을회관및경로당,48890380,덕곡면,35.62561415,128.3480887,"[""라마76b36b""]"
candidate_2216c00480426ba0,구정2구경로당,마을회관및경로당,48890340,야로면,35.7062754,128.1673248,"[""라마60a45b""]"
candidate_226421852aa3abb3,시동경로당,경로당,48890400,적중면,35.54634058,128.3026052,"[""라마72b28a""]"
candidate_22ef454b8a8a8d6b,노리경로당,마을회관및경로당,48890460,용주면,35.5235127,128.1232378,[]
candidate_2337a007d7fce51f,상금할머니경로당,경로당,48890430,삼가면,35.4156172,128.1222144,[]
candidate_23ac3eebcf2de069,멱곡경로당,마을회관및경로당,48890420,쌍백면,35.4749532,128.1693456,"[""라마60b20a""]"
candidate_2471507ce77f0c5c,야천2구 경로당,마을회관및경로당,48890330,가야면,35.76950839,128.1359699,"[""라마57a52b"",""라마57b52b""]"
candidate_25e6643414d24de1,자비원 경로당,마을회관및경로당,48890330,가야면,35.79930666,128.0584495,[]
candidate_277572cc309bebdb,야천1구 경로당,마을회관및경로당,48890330,가야면,35.7633042,128.1388126,"[""라마57b52a""]"
candidate_277e2c5611049c6d,율지경로당,마을회관및경로당,48890380,덕곡면,35.6143604,128.3586711,"[""라마77b35b""]"
candidate_2898591fc653db70,개독경로당,마을회관,48890380,덕곡면,35.6258018,128.3515464,"[""라마77a36b""]"
candidate_28eb1cf8a8807391,가야 경로당,마을회관및경로당,48890330,가야면,35.76271077,128.1387893,"[""라마57b51b"",""라마57b52a""]"
candidate_29763c0629aa2cd9,대평할머니경로당,경로당,48890360,초계면,35.5445694,128.2508405,"[""라마68a27b""]"
candidate_2a2bf10ec544ce0c,율원경로당,마을회관및경로당,48890380,덕곡면,35.6400151,128.2911543,"[""라마71b38a"",""라마71b38b""]"
candidate_2af1fd72146fca21,방곡2구경로당,마을회관및경로당,48890460,용주면,35.5717392,128.101092,"[""라마54a30b"",""라마54b30b""]"
candidate_2b0a269abda98d8c,대박경로당,마을회관및경로당,48890460,용주면,35.5398808,128.0944902,"[""라마53b27a""]"
candidate_2b426524ca2349cd,상두곡경로당,마을회관및경로당,48890390,청덕면,35.5491288,128.3200644,"[""라마74a28a""]"
candidate_2c9c262d9acc0216,하니경로당,마을회관및경로당,48890410,대양면,35.5320423,128.1788385,"[""라마61b26a""]"
candidate_2cb1aacf1ac80b4f,정대경로당,마을회관및경로당,48890250,합천읍,35.56410251,128.1596818,"[""라마59b29b"",""라마59b30a""]"
candidate_2cf14500c51f3367,하이츠경로당,경로당,48890250,합천읍,35.56167804,128.1597651,"[""라마59b29b""]"
candidate_2da5ccac2bdad007,정골 경로당,마을회관및경로당,48890330,가야면,35.77762869,128.14275,"[""라마58a53b""]"
candidate_2dac6605a7662fbb,주막거리양전경로당,마을회관및경로당,48890430,삼가면,35.4232334,128.1395329,"[""라마58a14a""]"
candidate_2e4c921d749b5600,용주경로당(분회),경로당,48890460,용주면,35.53884003,128.114639,"[""라마55b27a""]"
candidate_2e9d874f807166ca,제내경로당,마을회관및경로당,48890350,율곡면,35.58584513,128.2098986,"[""라마64a32a""]"
candidate_2ea39d7dd0942f86,현동경로당,마을회관및경로당,48890350,율곡면,35.57121034,128.221397,"[""라마65a30b""]"
candidate_2ededb510addf72c,율진1구학산경로당,마을회관및경로당,48890350,율곡면,35.6050202,128.1947176,"[""라마62b34b""]"
candidate_2f5280ae098e8d1d,월광 경로당,마을회관및경로당,48890340,야로면,35.7313005,128.1580582,[]
candidate_3016c156afd65191,맬리 경로당,마을회관및경로당,48890330,가야면,35.74144894,128.1187735,"[""라마55b49b""]"
candidate_30771ba898ecc611,목곡경로당,마을회관및경로당,48890440,가회면,35.45336337,128.0079323,"[""라마46a17b""]"
candidate_308295fbd541ccb9,원소경로당,마을회관및경로당,48890430,삼가면,35.4116557,128.1175179,"[""라마56a13a""]"
candidate_30849d94562f375f,상림경로당,마을회관및경로당,48890350,율곡면,35.57780225,128.1853837,"[""라마62a31b""]"
candidate_30ece988f3422ddf,내천경로당,마을회관및경로당,48890350,율곡면,35.61170432,128.2382677,"[""라마66b35a""]"
candidate_314862bacb2f567c,옥산동경로당,마을회관및경로당,48890250,합천읍,35.5695358,128.1625169,"[""라마60a30b""]"
candidate_31558ee7f8407199,옥동경로당,마을회관및경로당,48890430,삼가면,35.4021568,128.0947916,[]
candidate_3179392515141e3b,상부할아버지경로당,경로당,48890400,적중면,35.5463344,128.2753646,"[""라마70a28a""]"
candidate_317a36203af19b1e,월막경로당,마을회관및경로당,48890400,적중면,35.5447376,128.2959269,"[""라마72a27b""]"
candidate_319709a6bc900c2b,부수경로당,마을회관및경로당,48890400,적중면,35.5441008,128.2871787,"[""라마71a27b""]"
candidate_31d85b96670420fb,나대3구(모로동)경로당,마을회관및경로당,48890340,야로면,35.758177,128.1724539,"[""라마60b51a""]"
candidate_320e8564f0c941d7,이계경로당,마을회관및경로당,48890410,대양면,35.5175011,128.1610228,"[""라마59b24b""]"
candidate_325706f9cfc039e1,소례경로당,마을회관및경로당,48890390,청덕면,35.5996146,128.3334221,[]
candidate_33b888ac75a286fb,정양경로당,마을회관및경로당,48890410,대양면,35.5428363,128.1629924,"[""라마60a27b""]"
candidate_34ae3e312fb646a8,등곡경로당,마을회관및경로당,48890440,가회면,35.47210396,128.0245507,"[""라마47b19b""]"
candidate_3645d7033dc8de8a,내곡경로당,마을회관및경로당,48890250,합천읍,35.64141059,128.1497098,"[""라마58b38b""]"
candidate_36b328b15ff6d256,도곡경로당,마을회관및경로당,48890310,봉산면,35.6288383,128.0054434,"[""라마45b37a""]"
candidate_36e84bd86026de25,중문경로당,마을회관및경로당,48890430,삼가면,35.434035,128.1001486,[]
candidate_37273ef4cddb2190,두방경로당,마을회관및경로당,48890400,적중면,35.53314874,128.2918939,"[""라마71b26b""]"
candidate_37b7ddb75cdf4196,함지경로당,마을회관및경로당,48890410,대양면,35.4911051,128.1635381,"[""라마60a21b""]"
candidate_383704c15836662a,용지1구경로당,마을회관및경로당,48890460,용주면,35.5442272,128.113167,"[""라마55b27b""]"
candidate_38b7f372517e71fd,금평경로당,마을회관및경로당,48890340,야로면,35.700759,128.1799067,"[""라마61a45a"",""라마61b45a""]"
candidate_3919dcb009155ac9,죽죽화남경로당,경로당,48890460,용주면,35.55170756,128.0414014,"[""라마49a28b""]"
candidate_392953a5bbfdf621,인평할머니경로당,경로당,48890430,삼가면,35.41722182,128.1482919,"[""라마58b13b""]"
candidate_3994ff87f31e6cd9,구전경로당,마을회관및경로당,48890440,가회면,35.4272216,128.032147,"[""라마48a14b""]"
candidate_3a893cbf1ea48407,교촌경로당,마을회관및경로당,48890360,초계면,35.55869447,128.2627207,"[""라마69a29a""]"
candidate_3aad022dcab48aff,박곡경로당,마을회관및경로당,48890370,쌍책면,35.6361887,128.2658556,"[""라마69a38a""]"
candidate_3b16d1ace53d51e2,어파경로당,마을회관및경로당,48890420,쌍백면,35.4199236,128.1689441,"[""라마60b13b"",""라마60b14a""]"
candidate_3b5fa854fead7f9a,봉두경로당,마을회관및경로당,48890430,삼가면,35.4098272,128.1335684,"[""라마57a12b"",""라마57b12b""]"
candidate_3bb4cea960400422,쌍백중앙경로당,경로당,48890420,쌍백면,35.4408399,128.145152,"[""라마58b16a""]"
candidate_3bebf48e1b44bd11,중매마을경로당,경로당,48890370,쌍책면,35.62041352,128.2469593,"[""라마67b36a""]"
candidate_3c3754c1d1157105,승림경로당,마을회관및경로당,48890400,적중면,35.5363224,128.2980903,"[""라마72a26b"",""라마72a27a""]"
candidate_3c864630ed20e0f4,원전경로당,마을회관및경로당,48890420,쌍백면,35.4610839,128.1462571,"[""라마58b18b""]"
candidate_3d0ec138a3287ac6,대지경로당,마을회관및경로당,48890450,대병면,35.53970253,127.9846603,"[""라마43b27a""]"
candidate_3d188147a2197522,황계택계경로당,경로당,48890460,용주면,35.5080533,128.0668492,"[""라마51a23b""]"
candidate_3dd4d88ad93e77ab,중촌경로당,마을회관및경로당,48890370,쌍책면,35.5812435,128.2921441,"[""라마71b31b"",""라마71b32a""]"
candidate_3defd6fa8cd39bad,대산경로당,경로당,48890450,대병면,35.5096654,128.0513397,"[""라마49b23b"",""라마50a23b""]"
candidate_3e01eb1ba124a847,구전경로당,마을회관및경로당,48890430,삼가면,35.41931005,128.1443755,[]
candidate_3e17fe8cdd0ee4e0,광산경로당,마을회관및경로당,48890320,묘산면,35.6439499,128.1187515,"[""라마55b38b"",""라마56a38b""]"
candidate_3e7b298f233281fb,갑산1구경로당,마을회관및경로당,48890350,율곡면,35.58962368,128.2454081,"[""라마67b32b""]"
candidate_3e9d91597c4194eb,대현경로당,마을회관및경로당,48890420,쌍백면,35.44659847,128.1944783,[]
candidate_3ea89bef242720b0,북동경로당,마을회관및경로당,48890380,덕곡면,35.64180388,128.3484694,"[""라마76b38b""]"
candidate_3f16fdd1ffbf5ef6,가등마을경로당,마을회관및경로당,48890440,가회면,35.4637201,128.0285366,"[""라마47b18b"",""라마48a18b""]"
candidate_3fb4f1619a29cc9d,교촌할머니경로당,경로당,48890360,초계면,35.55869447,128.2627207,"[""라마69a29a""]"
candidate_4054bf93ebc676cc,도동 경로당(묵촌2구),마을회관및경로당,48890340,야로면,35.7038238,128.1389746,"[""라마57b45a"",""라마57b45b""]"
candidate_408ba10d445720a0,석사 경로당,경로당,48890340,야로면,35.6758006,128.1797663,"[""라마61a42a""]"
candidate_412f44eeece2db23,청계2구 경로당,마을회관및경로당,48890340,야로면,35.7115239,128.2009553,"[""라마63a46a""]"
candidate_4155752cc9cb581c,개금불경로당,경로당,48890320,묘산면,35.6377361,128.1129344,"[""라마55a38a"",""라마55b38a""]"
candidate_4269550d98a7d511,양리경로당,마을회관및경로당,48890450,대병면,35.5050224,128.0257906,"[""라마47b23a""]"
candidate_43573e9a9107fa0b,율진1구경로당,마을회관및경로당,48890350,율곡면,35.60683245,128.1893137,"[""라마62a34b""]"
candidate_43588974cc43a94a,금평2구 경로당,마을회관및경로당,48890340,야로면,35.70857305,128.1853793,[]
candidate_439f339adbb82e9b,죽전경로당,마을회관및경로당,48890420,쌍백면,35.4444018,128.1279437,"[""라마56b16b"",""라마57a16b""]"
candidate_43f280e37597f4aa,이곡경로당,마을회관및경로당,48890410,대양면,35.52190773,128.1657835,"[""라마60a25a""]"
candidate_440426991e8de682,송림경로당,마을회관및경로당,48890310,봉산면,35.60991761,128.0408073,[]
candidate_454721371a1f59d1,대기경로당,마을회관및경로당,48890440,가회면,35.46314027,128.0012786,"[""라마45a18b"",""라마45b18b""]"
candidate_45c835725b624945,장계경로당,마을회관및경로당,48890250,합천읍,35.6152919,128.1222745,"[""라마56a35b""]"
candidate_4638141099f37e70,성산할머니경로당,경로당,48890370,쌍책면,35.57749702,128.2848503,"[""라마71a31b""]"
candidate_46517d481a239948,본곡경로당,마을회관및경로당,48890380,덕곡면,35.6416559,128.3126261,"[""라마73b38b""]"
candidate_4658827c46ea5484,다공경로당,마을회관및경로당,48890440,가회면,35.46074415,128.0680787,[]
candidate_46c7405be97ed864,당산경로당,마을회관및경로당,48890400,적중면,35.54172018,128.3022901,"[""라마72b27b""]"
candidate_472f5d3a6d1885e8,두곡경로당,마을회관및경로당,48890390,청덕면,35.55400662,128.3184731,"[""라마74a28b"",""라마74a29a""]"
candidate_479aa7af48bb9ba9,회양1구경로당,마을회관및경로당,48890450,대병면,35.5225022,128.0142238,"[""라마46b25a""]"
candidate_4835b354341d403f,안불경로당,경로당,48890440,가회면,35.45061187,128.0290387,"[""라마47b17a"",""라마48a17a""]"
candidate_489d9bd80b19e7d4,정토경로당,마을회관및경로당,48890400,적중면,35.5299543,128.2568802,"[""라마68b26a""]"
candidate_48d3f21dd1ee47ec,죽전 경로당,마을회관및경로당,48890330,가야면,35.7500549,128.0782114,"[""라마52a50b""]"
candidate_4900eec5d8d2b99b,상현경로당,마을회관및경로당,48890310,봉산면,35.6409028,128.0345733,"[""라마48a38a""]"
candidate_493d85919e7c440b,외동경로당,마을회관및경로당,48890430,삼가면,35.4144394,128.0991554,"[""라마54a13a""]"
candidate_495628a28777b819,택리할머니경로당,경로당,48890360,초계면,35.5528381,128.2405074,"[""라마67a28b""]"
candidate_49942292e9869742,포두경로당,마을회관및경로당,48890380,덕곡면,35.6317437,128.3479697,"[""라마76b37b""]"
candidate_4aebc202a3bf894a,문림2구경로당,마을회관및경로당,48890350,율곡면,35.57072389,128.1923927,"[""라마62b30b""]"
candidate_4b00d559a966c65e,숭산 경로당,마을회관및경로당,48890330,가야면,35.73180801,128.1084903,"[""라마55a48b""]"
candidate_4b1b87abe9b09b9f,계산동편경로당,마을회관및경로당,48890310,봉산면,35.6006082,128.0645974,"[""라마51a33b"",""라마51a34a""]"
candidate_4b4d2ab14667684f,구현동 경로당,마을회관및경로당,48890330,가야면,35.7359466,128.1321872,"[""라마57a48b"",""라마57a49a""]"
candidate_4c397ca2dbec8fd1,죽림경로당,경로당,48890380,덕곡면,35.6437216,128.3084809,"[""라마73a38b""]"
candidate_4c5c06d7ef3f2d76,합천읍분회경로당,경로당,48890250,합천읍,35.5650037,128.1611089,"[""라마59b30a""]"
candidate_4cfbe4f021f2a983,성기1구 경로당,마을회관및경로당,48890330,가야면,35.7220763,128.1030169,[]
candidate_4d0d86420e47a1dd,장지경로당,마을회관및경로당,48890410,대양면,35.5180089,128.2010232,"[""라마63b24b""]"
candidate_4d262211ac1d7643,평산경로당,마을회관및경로당,48890460,용주면,35.5254836,128.1174303,"[""라마55b25b"",""라마56a25b""]"
candidate_4dbfd5361c1ccea4,가호경로당,마을회관및경로당,48890460,용주면,35.5506802,128.0661566,"[""라마51a28a""]"
candidate_4df6c38f8abaddae,새청 경로당,마을회관및경로당,48890330,가야면,35.74616918,128.1204619,"[""라마56a50a""]"
candidate_4eb442023c9fa13e,거산양지경로당,마을회관및경로당,48890320,묘산면,35.6707281,128.1520622,"[""라마58b41b"",""라마59a41b""]"
candidate_4eebf994188e4f08,인곡경로당,마을회관및경로당,48890250,합천읍,35.6052528,128.1004388,"[""라마54a34a"",""라마54a34b""]"
candidate_4f1b3e1459a29a50,내동경로당,마을회관및경로당,48890430,삼가면,35.4137661,128.0958293,"[""라마54a13a""]"
candidate_4f69a706e6f3f795,노곡2구경로당,마을회관및경로당,48890310,봉산면,35.59465263,127.9963146,"[""라마44b33a"",""라마45a33a""]"
candidate_50a76246038b2ede,덕정경로당,마을회관및경로당,48890410,대양면,35.51421149,128.1784042,[]
candidate_5204f1dcf58784c2,화양경로당,마을회관및경로당,48890320,묘산면,35.68063255,128.1327424,"[""라마57a42b""]"
candidate_52396243ab528d9d,웅기경로당,마을회관및경로당,48890320,묘산면,35.65059181,128.1271543,"[""라마56b39b""]"
candidate_523ec769b11fae55,사정동경로당,경로당,48890380,덕곡면,35.6338612,128.3152566,"[""라마73b37b""]"
candidate_527b78a9ad63e237,양산경로당,마을회관및경로당,48890410,대양면,35.5045486,128.1737361,"[""라마61a23a""]"
candidate_53bb66919ad7bc6d,중무동 경로당,마을회관및경로당,48890330,가야면,35.7543595,128.1338206,"[""라마57a51a""]"
candidate_53c706d37e9374ac,모리경로당,마을회관및경로당,48890390,청덕면,35.5749074,128.3093246,"[""라마73a31a""]"
candidate_5415832bf33680cf,하남경로당,마을회관및경로당,48890360,초계면,35.5312616,128.2513285,"[""라마68a26a""]"
candidate_54dbc968fe5c7b64,하금경로당,마을회관및경로당,48890450,대병면,35.53214982,127.9915096,"[""라마44b26a""]"
candidate_550a298ff46b94b7,대동경로당,마을회관및경로당,48890380,덕곡면,35.62781926,128.3214264,"[""라마74a37a""]"
candidate_55ad7a3e82201d13,이부할머니경로당,경로당,48890430,삼가면,35.4133779,128.1259099,"[""라마56b13a""]"
candidate_568388f501a87243,덕곡경로당,경로당,48890380,덕곡면,35.6149187,128.3588724,"[""라마77b35b""]"
candidate_56ea3ed8d750b25c,장기경로당,마을회관및경로당,48890430,삼가면,35.414529,128.1196472,"[""라마56a13a""]"
candidate_56f9de2492a2f97f,산제경로당,마을회관및경로당,48890320,묘산면,35.6614118,128.1065175,"[""라마54b40b""]"
candidate_57e6e8240ed37570,대동경로당,마을회관및경로당,48890360,초계면,35.5617779,128.2502763,"[""라마67b29b"",""라마68a29b""]"
candidate_581ef25d33bda396,신소양경로당,경로당,48890250,합천읍,35.57899163,128.1677518,"[""라마60a31b"",""라마60b31b""]"
candidate_587caf6b2378427e,관기경로당,마을회관및경로당,48890320,묘산면,35.647953,128.1266421,"[""라마56b39a""]"
candidate_58a7b74ec4f5a62b,원금경로당,마을회관및경로당,48890430,삼가면,35.41752054,128.1166014,"[""라마55b13b"",""라마56a13b""]"
candidate_58c0208e35509a8d,죽고경로당,마을회관및경로당,48890400,적중면,35.5635334,128.3059352,[]
candidate_5902570d7365390a,삼리경로당,마을회관및경로당,48890420,쌍백면,35.4671705,128.0998922,"[""라마54a19a""]"
candidate_5a33a7e58028d1b2,가야마을경로당,마을회관및경로당,48890320,묘산면,35.6614319,128.0931532,"[""라마53b40b""]"
candidate_5a881ab14eae0594,낙민2구경로당,마을회관및경로당,48890350,율곡면,35.5851251,128.2314471,"[""라마66a32a""]"
candidate_5bc417073563acd9,성산2구경로당,마을회관및경로당,48890460,용주면,35.55252825,128.1488605,"[""라마58b28b""]"
candidate_5c31d3b9269084a1,성리1구경로당,마을회관및경로당,48890450,대병면,35.5237099,128.0492647,"[""라마49b25a""]"
candidate_5cb2dc274c9d234d,양지2구경로당,마을회관및경로당,48890310,봉산면,35.5874474,128.003002,[]
candidate_5cc5a14ee8d8c52e,내문경로당,마을회관및경로당,48890430,삼가면,35.4556312,128.0903154,"[""라마53b17b""]"
candidate_5cfb37515abea3ed,외곡경로당,마을회관및경로당,48890250,합천읍,35.6353978,128.1420801,"[""라마58a37b""]"
candidate_5d942a7d5d6dab15,구정1구경로당,마을회관및경로당,48890340,야로면,35.705629,128.165363,"[""라마60a45b""]"
candidate_5e0a5912b94b3ffe,하용계경로당,경로당,48890250,합천읍,35.6290072,128.1698134,"[""라마60b37a""]"
candidate_5e28c02041f9cff7,신기경로당,마을회관및경로당,48890430,삼가면,35.4254294,128.0968012,"[""라마54a14b""]"
candidate_60529a64a2a3bca1,하나곡경로당,마을회관및경로당,48890320,묘산면,35.6913099,128.1336604,"[""라마57a44a""]"
candidate_60622c84bf6c19d1,계림경로당,마을회관및경로당,48890250,합천읍,35.5844184,128.1477389,"[""라마58b32a""]"
candidate_608415ddecad35bf,문림1구경로당,마을회관및경로당,48890350,율곡면,35.5690771,128.1924352,"[""라마62b30b""]"
candidate_6183605350064405,야천3구 경로당,마을회관및경로당,48890330,가야면,35.77122121,128.1298792,"[""라마56b52b""]"
candidate_6191edf99fb60fbc,금성경로당,경로당,48890450,대병면,35.512147,128.0442084,"[""라마49a24a""]"
candidate_62c09266ca7ca79a,봉산분회경로당,경로당,48890310,봉산면,35.6277405,128.0418873,"[""라마49a36b""]"
candidate_63ad2db3961b91e1,안정골경로당,마을회관및경로당,48890440,가회면,35.4497468,128.0350711,"[""라마48b17a""]"
candidate_63e2c26757e26105,야로1구 경로당,마을회관및경로당,48890340,야로면,35.70822367,128.1712742,"[""라마60b45b"",""라마60b46a""]"
candidate_651233fe02647295,중촌경로당,마을회관및경로당,48890320,묘산면,35.6502021,128.1307041,"[""라마57a39b""]"
candidate_65693a8ab101c2b0,새터경로당,마을회관및경로당,48890430,삼가면,35.39361619,128.1168683,[]
candidate_659a28578692d49e,무곡경로당,마을회관및경로당,48890410,대양면,35.52174308,128.1869415,"[""라마62a25a""]"
candidate_65b51a0c646d626d,권빈2구경로당,마을회관및경로당,48890310,봉산면,35.6195335,128.0708166,"[""라마51b36a""]"
candidate_6668f52f9bf15715,반포경로당,마을회관및경로당,48890320,묘산면,35.6510864,128.0903361,"[""라마53a39b""]"
candidate_6697e64b54db37db,가야할머니 경로당,경로당,48890330,가야면,35.7597715,128.1382535,"[""라마57b51b""]"
candidate_67790f37c53d3a6c,서산경로당,마을회관및경로당,48890250,합천읍,35.5724866,128.1458304,"[""라마58b30b""]"
candidate_68ba8153d34aa795,임북1구경로당,마을회관및경로당,48890350,율곡면,35.5807674,128.1927721,"[""라마62b31b""]"
candidate_693055191bae46c9,계산남계경로당,경로당,48890310,봉산면,35.6124061,128.0665937,"[""라마51a35a""]"
candidate_6a1d01340ed1c92c,남교 경로당,마을회관및경로당,48890330,가야면,35.7355507,128.0930073,"[""라마53b48b""]"
candidate_6a56b73c83675aac,횡보경로당,마을회관및경로당,48890400,적중면,35.57063092,128.2936168,"[""라마71b30b""]"
candidate_6a6a1af0f04b2efd,매호경로당,마을회관및경로당,48890370,쌍책면,35.5996351,128.2631742,"[""라마69a33b"",""라마69a34a""]"
candidate_6aab20110b533fcb,택리경로당,마을회관및경로당,48890360,초계면,35.5531802,128.2406755,"[""라마67a28b""]"
candidate_6b2d0ad2b1e87b8f,술곡경로당,마을회관및경로당,48890420,쌍백면,35.4682394,128.1234839,"[""라마56b19a""]"
candidate_6b39da30eb5bb8c0,계산2구서편경로당,경로당,48890310,봉산면,35.5994197,128.0622457,"[""라마50b33b""]"
candidate_6c37bcc13bb86411,신기마을경로당,마을회관및경로당,48890310,봉산면,35.6386047,128.0572631,"[""라마50a38a""]"
candidate_6c4114bc0f4520c4,갑산3구경로당,마을회관및경로당,48890350,율곡면,35.594769,128.2541863,"[""라마68a33a""]"
candidate_6c6aac8d7b1d9bd2,묵동경로당,마을회관및경로당,48890420,쌍백면,35.45621674,128.1677529,"[""라마60b18a""]"
candidate_6c92d6ee8e54eebe,황산1구본동 경로당,마을회관및경로당,48890330,가야면,35.76040221,128.1342072,"[""라마57a51b""]"
candidate_6e2b4607245d7f65,황정경로당,마을회관및경로당,48890400,적중면,35.5356595,128.2852409,"[""라마71a26b""]"
candidate_6e3316260960551d,영전 경로당,마을회관및경로당,48890330,가야면,35.7276427,128.0969665,"[""라마53b48a""]"
candidate_6e3ac22e1fd148c0,동남경로당,경로당,48890320,묘산면,35.6779843,128.1445307,"[""라마58a42b""]"
candidate_6e4b3634ef7e599e,벽전경로당,마을회관및경로당,48890350,율곡면,35.56810067,128.2196043,"[""라마65a30a"",""라마65a30b""]"
candidate_6fb6f5481ee7d5db,대전 경로당,마을회관및경로당,48890330,가야면,35.7396467,128.0877937,"[""라마53a49a""]"
candidate_6fea81522268672c,도방경로당,마을회관및경로당,48890370,쌍책면,35.6375575,128.249607,"[""라마67b38a""]"
candidate_708ccf58740eeed0,황령 경로당,마을회관및경로당,48890330,가야면,35.7414107,128.0786414,"[""라마52a49b""]"
candidate_70bd7cfc4b5f5756,권빈1구경로당,마을회관및경로당,48890310,봉산면,35.6362391,128.0651781,"[""라마51a37b""]"
candidate_7132d67fd5d329d0,신촌경로당,마을회관및경로당,48890370,쌍책면,35.6270283,128.254489,"[""라마68a36b"",""라마68a37a""]"
candidate_720607c7d594714e,교동경로당,마을회관및경로당,48890320,묘산면,35.6580261,128.1126095,"[""라마55a40a""]"
candidate_72624b516b243f71,남산경로당,마을회관및경로당,48890430,삼가면,35.409708,128.1085415,"[""라마55a12b""]"
candidate_72792d5fdc6a4c02,황산2구 경로당,마을회관및경로당,48890330,가야면,35.7749546,128.1258974,"[""라마56b53a""]"
candidate_7328a9d50ed2db2c,용계경로당,마을회관및경로당,48890250,합천읍,35.6365049,128.1645073,"[""라마60a37b"",""라마60a38a""]"
candidate_73936f9963b47825,더내 경로당,마을회관및경로당,48890330,가야면,35.74630607,128.0900998,"[""라마53a50a""]"
candidate_73a655a7ddc90b3c,대부리소부경로당,마을회관및경로당,48890390,청덕면,35.5443456,128.3419374,"[""라마76a27b""]"
candidate_73ca51e6e43ad219,도옥경로당,마을회관및경로당,48890320,묘산면,35.6704762,128.1195931,"[""라마56a41b""]"
candidate_745300e88dcd0d34,술곡경로당,마을회관및경로당,48890310,봉산면,35.57640503,127.991185,"[""라마44a31a"",""라마44b31a""]"
candidate_74e8947981e2b725,대곡경로당,마을회관및경로당,48890420,쌍백면,35.47051361,128.1905032,"[""라마62b19b""]"
candidate_75a7503741472e6c,심묘경로당,경로당,48890320,묘산면,35.6500099,128.1249115,[]
candidate_75d9902c919275dd,항곡2구경로당,마을회관및경로당,48890350,율곡면,35.6090753,128.2113833,[]
candidate_7616f96783bef514,압곡1구경로당,마을회관및경로당,48890310,봉산면,35.6388246,128.0491586,"[""라마49b38a""]"
candidate_772b5e3e72d0805f,하두심경로당,경로당,48890440,가회면,35.49130516,128.0223192,"[""라마47a21b""]"
candidate_77489c07431fc897,송정경로당,마을회관및경로당,48890390,청덕면,35.6163465,128.294369,"[""라마71b35b""]"
candidate_77a882602ae29a8e,회양경로당,마을회관및경로당,48890450,대병면,35.5181657,128.0201216,"[""라마47a24b""]"
candidate_78f1d77c95c12a0f,월평1구경로당,마을회관및경로당,48890460,용주면,35.5667127,128.117479,"[""라마55b30a"",""라마56a30a""]"
candidate_79433db1d3428be6,아천경로당,마을회관및경로당,48890410,대양면,35.5386241,128.1836945,"[""라마61b27a"",""라마62a27a""]"
candidate_7959ef0c75ca18c9,오방경로당,마을회관및경로당,48890390,청덕면,35.51303743,128.3636109,"[""라마78a24a"",""라마78a24b""]"
candidate_79d88b880a5a5d91,본천경로당,마을회관및경로당,48890350,율곡면,35.5575036,128.1923445,"[""라마62b29a""]"
candidate_7a15c3620b9870d7,터서리경로당,마을회관및경로당,48890330,가야면,35.7828034,128.1190572,"[""라마55b54a""]"
candidate_7a1fa2a10aa46ae1,신기경로당,마을회관및경로당,48890420,쌍백면,35.4617339,128.1789582,"[""라마61b18b""]"
candidate_7a34d286b4028445,신성동경로당,마을회관및경로당,48890450,대병면,35.5218082,128.0140032,"[""라마46b25a""]"
candidate_7aca891a80dba310,하림1구 경로당,마을회관및경로당,48890340,야로면,35.74861837,128.155859,"[""라마59a50a""]"
candidate_7b11cc79cbfdfadb,초곡경로당,마을회관및경로당,48890390,청덕면,35.5160212,128.3398438,"[""라마76a24b""]"
candidate_7b5adea9e37503d6,양림경로당,마을회관및경로당,48890400,적중면,35.5380803,128.2672629,"[""라마69b27a""]"
candidate_7bd2dd271f95983c,이책경로당,경로당,48890370,쌍책면,35.6251188,128.2538297,"[""라마68a36b""]"
candidate_7bf7f0b759e712e6,누하경로당,마을회관및경로당,48890400,적중면,35.5285703,128.2674629,"[""라마69b26a""]"
candidate_7c3e1d730bc05b82,대지2구경로당,마을회관및경로당,48890450,대병면,35.54503297,127.9680131,"[""라마42a27b""]"
candidate_7c609c77840bcdef,말정경로당,마을회관및경로당,48890390,청덕면,35.5748434,128.3435564,"[""라마76a31a""]"
candidate_7d1a286142709d21,귀봉동경로당,마을회관및경로당,48890350,율곡면,35.5755083,128.2356451,"[""라마66b31a""]"
candidate_7d93f0932b6021ca,권빈3구경로당,마을회관및경로당,48890310,봉산면,35.6341213,128.0644587,"[""라마51a37b""]"
candidate_7db3756e46e40035,노양1구경로당,마을회관및경로당,48890350,율곡면,35.6385286,128.1860468,"[""라마62a38a""]"
candidate_7dd645b2bd5a36c4,구원 경로당,마을회관및경로당,48890330,가야면,35.7822561,128.125461,"[""라마56a54a"",""라마56b54a""]"
candidate_7e9355e557299bb0,삼가분회경로당,경로당,48890430,삼가면,35.4144744,128.1201756,"[""라마56a13a""]"
candidate_7f0927464cdd0993,원송경로당,경로당,48890450,대병면,35.5246177,128.0552414,"[""라마50a25b""]"
candidate_7ff864bc61408f80,호산경로당,마을회관및경로당,48890440,가회면,35.4360016,128.0309499,"[""라마48a15b""]"
candidate_8058c8b403e103c8,상판경로당,마을회관및경로당,48890430,삼가면,35.434461,128.117584,"[""라마56a15b""]"
candidate_80d87863123fc540,월계경로당,마을회관및경로당,48890440,가회면,35.472374,128.0534124,"[""라마50a19b""]"
candidate_8251592e16c867ad,도리경로당,마을회관및경로당,48890410,대양면,35.5006041,128.143617,"[""라마58a22b""]"
candidate_82a1456e7ff885ee,임북 경로당,마을회관및경로당,48890330,가야면,35.7341484,128.1098423,"[""라마55a48b""]"
candidate_82cc8d22503e6937,매촌경로당,마을회관및경로당,48890340,야로면,35.7207187,128.1647134,"[""라마60a47a""]"
candidate_83a25eb86c8ba586,치인2구 경로당,마을회관및경로당,48890330,가야면,35.7912829,128.062052,"[""라마50b55a""]"
candidate_83f8ff022b21a3d0,신평경로당,마을회관및경로당,48890330,가야면,35.7016352,128.1206271,"[""라마56a45a""]"
candidate_845275c824682f18,무곡할머니경로당,마을회관및경로당,48890410,대양면,35.52174308,128.1869415,"[""라마62a25a""]"
candidate_84ab73708bb95b23,가호2구월평경로당,경로당,48890460,용주면,35.5540208,128.055063,"[""라마50a28b""]"
candidate_858dc2fe6f06989f,상조항경로당,경로당,48890450,대병면,35.5157342,128.0453004,"[""라마49a24b""]"
candidate_859bdf1fb8b254e6,양촌경로당,마을회관및경로당,48890390,청덕면,35.5855987,128.3199225,"[""라마74a32a"",""라마74a32b""]"
candidate_85a7e99ad5f61244,계산1구경로당,마을회관및경로당,48890310,봉산면,35.59010528,128.069952,"[""라마51b32b""]"
candidate_86967931f74f98e0,산두경로당,마을회관및경로당,48890440,가회면,35.4851366,128.0558205,"[""라마50a21a""]"
candidate_879a49a4bed8fc09,가현새마을경로당,마을회관및경로당,48890390,청덕면,35.5617862,128.3358561,"[""라마75b29b""]"
candidate_88481f60611f16f5,황산1구 경로당,마을회관및경로당,48890330,가야면,35.7627929,128.1365888,[]
candidate_886702e960b014ab,석계 경로당,마을회관및경로당,48890330,가야면,35.75932345,128.0742356,"[""라마51b51b""]"
candidate_8948a7c5d1c725a4,아초경로당,마을회관및경로당,48890430,삼가면,35.3965547,128.1370253,"[""라마57b11a""]"
candidate_898159a49bd64ca1,상촌경로당,마을회관및경로당,48890410,대양면,35.5047097,128.2187708,"[""라마65a23a""]"
candidate_89dd80d22862104a,장동경로당,마을회관및경로당,48890380,덕곡면,35.6248811,128.3263716,"[""라마74b36b""]"
candidate_89eea031c4e88a60,둔덕경로당,마을회관및경로당,48890460,용주면,35.5260488,128.0888396,"[""라마53a25b""]"
candidate_8a42a737550f3edb,본천3구경로당,마을회관및경로당,48890350,율곡면,35.53889779,128.1985389,"[""라마63a27a""]"
candidate_8b9999f446d60684,향묵경로당,마을회관및경로당,48890420,쌍백면,35.4532471,128.1632121,"[""라마60a17b""]"
candidate_8c589f7f82b24acb,평촌경로당,마을회관및경로당,48890390,청덕면,35.61011207,128.3090705,"[""라마73a35a""]"
candidate_8d1ccab54b9347d4,상두동 경로당,마을회관및경로당,48890330,가야면,35.71140521,128.1051472,"[""라마54b46a""]"
candidate_8d223d9b09d6e01d,양지1구경로당,마을회관및경로당,48890310,봉산면,35.59584017,128.003543,"[""라마45b33a""]"
candidate_8d27b234b870b319,해인 경로당,마을회관및경로당,48890330,가야면,35.7922418,128.0858381,"[""라마52b55a""]"
candidate_8de1de861ce3d939,부흥동경로당,마을회관및경로당,48890460,용주면,35.5561308,128.107448,"[""라마55a29a""]"
candidate_903ed4858cc88381,안금경로당,마을회관및경로당,48890410,대양면,35.49592496,128.1851843,"[""라마62a22a""]"
candidate_91a71a90fe6c6892,연동경로당,마을회관및경로당,48890440,가회면,35.4374012,128.0191102,"[""라마47a15b""]"
candidate_924840df3035509c,후사경로당,마을회관및경로당,48890410,대양면,35.4901226,128.1823717,"[""라마61b21b""]"
candidate_9254c1716923a36b,금천경로당,마을회관및경로당,48890430,삼가면,35.3976258,128.0908782,"[""라마53b11a"",""라마53b11b""]"
candidate_9280247bf0991db9,하빈경로당,마을회관및경로당,48890340,야로면,35.70924295,128.1781061,"[""라마61a46a""]"
candidate_92c0f6a9d9c7caca,송계 경로당(구정4구),마을회관및경로당,48890340,야로면,35.7079206,128.1571169,"[""라마59a45b""]"
candidate_937893933477ec34,성리3구경로당,마을회관및경로당,48890450,대병면,35.5301737,128.0660943,"[""라마51a26a""]"
candidate_93f850f9452d8f2b,행복경로당,경로당,48890250,합천읍,35.56903464,128.1652762,"[""라마60a30a"",""라마60a30b""]"
candidate_9467d455cd8ee2bf,정동경로당,마을회관및경로당,48890390,청덕면,35.5136522,128.3294928,"[""라마75a24a"",""라마75a24b""]"
candidate_94793ba4e0fc3dc5,안계경로당,마을회관및경로당,48890420,쌍백면,35.44103109,128.1860612,"[""라마62a16a""]"
candidate_94be79c66c0338a7,하림3구경로당,마을회관,48890340,야로면,35.7605169,128.1553071,"[""라마59a51b""]"
candidate_94e0607d5d327152,상금경로당,마을회관및경로당,48890430,삼가면,35.415672,128.1214767,[]
candidate_95591512f8d30d93,언양골경로당,마을회관및경로당,48890350,율곡면,35.6256706,128.1890159,"[""라마62a36b""]"
candidate_9601d13f03121ddb,가회경로당,경로당,48890440,가회면,35.4346846,128.0342756,[]
candidate_9679e2f41452e86d,명곡경로당,마을회관및경로당,48890400,적중면,35.5286621,128.2707381,"[""라마69b26a""]"
candidate_967bbeb245a6c655,한실경로당,마을회관및경로당,48890420,쌍백면,35.4688164,128.1979037,"[""라마63a19a""]"
candidate_96cddccb41940b4e,대병경로당,경로당,48890450,대병면,35.52265594,128.0150729,"[""라마46b25a""]"
candidate_9738bc2f9f2677d0,중촌경로당,마을회관및경로당,48890420,쌍백면,35.44040169,128.1732384,"[""라마61a16a""]"
candidate_979aea932cb2e193,독산경로당,경로당,48890380,덕곡면,35.6215868,128.3534488,"[""라마77a36a"",""라마77a36b""]"
candidate_97b59239373fdea2,갑산2구경로당,마을회관및경로당,48890350,율곡면,35.5902151,128.2593986,"[""라마68b32b""]"
candidate_97b8339393ff9e2d,하빈1구할머니경로당,경로당,48890340,야로면,35.7107213,128.1782834,"[""라마61a46a""]"
candidate_98adf744a3e5c5db,설월경로당,마을회관및경로당,48890430,삼가면,35.401923,128.1492877,[]
candidate_998544a1e6731159,성산경로당,마을회관및경로당,48890460,용주면,35.556112,128.1350792,"[""라마57b29a""]"
candidate_9a4044e5c2ea9786,고삼경로당,마을회관및경로당,48890310,봉산면,35.60120896,128.0196789,"[""라마47a34a""]"
candidate_9b2810b56c46eef7,묘산면분회경로당,경로당,48890320,묘산면,35.65823716,128.112861,"[""라마55a40a""]"
candidate_9b9f417a0e8dcda5,신평윗들마을경로당,마을회관및경로당,48890430,삼가면,35.3885234,128.1198509,"[""라마56a10a"",""라마56a10b""]"
candidate_9c1398e57fe43fed,강성경로당,마을회관및경로당,48890430,삼가면,35.4241273,128.1299249,"[""라마57a14a""]"
candidate_9c88f37aac91b65e,정대2구 경로당,마을회관및경로당,48890340,야로면,35.6815265,128.1842423,"[""라마61b43a""]"
candidate_9cb25978d386ffa9,양촌화동경로당,마을회관및경로당,48890390,청덕면,35.58681057,128.3174576,"[""라마74a32b""]"
candidate_9cc046476febbceb,서재경로당,경로당,48890380,덕곡면,35.6166633,128.344828,[]
candidate_9d0898a4952b1510,중적포경로당,마을회관및경로당,48890390,청덕면,35.561905,128.348013,"[""라마76b29b""]"
candidate_9d7b9b04c24af10e,역산 경로당(구정5구),마을회관및경로당,48890340,야로면,35.7028429,128.1725335,"[""라마60b45a""]"
candidate_9dee897da818d37a,덕연경로당,마을회관및경로당,48890390,청덕면,35.5748907,128.3298758,"[""라마75a31a""]"
candidate_9e410395e820710e,외초사인경로당,마을회관및경로당,48890420,쌍백면,35.4126104,128.1709878,"[""라마60b13a""]"
candidate_9e67c30fa92f5bc7,조항경로당,경로당,48890450,대병면,35.51681157,128.0470444,"[""라마49b24b""]"
candidate_9ed3f52eb4500587,남옥경로당,경로당,48890250,합천읍,35.6185691,128.134301,[]
candidate_9f8b531c594fcdbd,교동경로당,마을회관및경로당,48890250,합천읍,35.5642322,128.1650655,"[""라마60a29b"",""라마60a30a""]"
candidate_a005ecf6acc41aa1,매안 경로당,마을회관및경로당,48890330,가야면,35.73051015,128.1106984,"[""라마55a48a""]"
candidate_a0301cd76c08bbbe,평구1구경로당,마을회관및경로당,48890420,쌍백면,35.4421089,128.1540433,"[""라마59a16a""]"
candidate_a29f1459d084a60c,도탄경로당,마을회관및경로당,48890440,가회면,35.4685317,128.0353367,"[""라마48b19a""]"
candidate_a2ddf5d448d27407,하신백림경로당,마을회관및경로당,48890420,쌍백면,35.4566592,128.137586,"[""라마57b18a""]"
candidate_a3777009d0b7612f,팔심경로당,마을회관및경로당,48890320,묘산면,35.6285407,128.0936008,"[""라마53b37a""]"
candidate_a3c6fa582283f35d,머금경로당,경로당,48890440,가회면,35.4338683,128.0151664,"[""라마46b15a"",""라마46b15b""]"
candidate_a3e359609b085deb,덕진경로당,마을회관및경로당,48890430,삼가면,35.4104995,128.0886025,"[""라마53a12b""]"
candidate_a4b1e3c016ea283f,청계경로당,경로당,48890360,초계면,35.54162587,128.2469492,"[""라마67b27b""]"
candidate_a4f53264af4fc2c4,용계경로당,마을회관및경로당,48890430,삼가면,35.39160541,128.088868,"[""라마53a10b"",""라마53b10b""]"
candidate_a50659e410252503,율진경로당,마을회관및경로당,48890350,율곡면,35.602491,128.180761,"[""라마61b34a""]"
candidate_a605c5bdb94ba2ab,장대경로당,마을회관및경로당,48890440,가회면,35.44042709,128.052367,"[""라마50a16a""]"
candidate_a6518539b59e045c,교동 경로당,마을회관및경로당,48890330,가야면,35.7311729,128.107561,[]
candidate_a7ed9acca7bb0219,팔산경로당,마을회관및경로당,48890460,용주면,35.52511332,128.1407498,"[""라마58a25b""]"
candidate_a8ebb847c44c4ba2,관평경로당,마을회관및경로당,48890360,초계면,35.54637968,128.2634635,"[""라마69a28a""]"
candidate_a9225c218cc1db08,초계내동할머니경로당,경로당,48890360,초계면,35.55998254,128.2666252,"[""라마69a29b""]"
candidate_a970826d68018d10,당진경로당(평구2구),마을회관및경로당,48890420,쌍백면,35.4411418,128.1489306,"[""라마58b16a""]"
candidate_aa0a75a3ca0dc32c,본천2구경로당,마을회관및경로당,48890350,율곡면,35.5589184,128.1981249,"[""라마63a29a""]"
candidate_aa1224689e53dfda,노곡1구경로당,마을회관및경로당,48890310,봉산면,35.6021664,127.9893721,"[""라마44a34a""]"
candidate_aa74f5e0f434bff8,제곡경로당,마을회관및경로당,48890430,삼가면,35.3708191,128.0895606,[]
candidate_ab2871d108f0a865,상나곡경로당,마을회관및경로당,48890320,묘산면,35.6958432,128.1257896,"[""라마56b44b""]"
candidate_abc1b9c48812991a,백역경로당,마을회관및경로당,48890420,쌍백면,35.4797045,128.1240194,"[""라마56b20b""]"
candidate_ac9e1737528b32d4,소사경로당,마을회관및경로당,48890250,합천읍,35.635908,128.1523164,"[""라마59a37b""]"
candidate_acc5361eefab6c61,와리원촌경로당,마을회관및경로당,48890350,율곡면,35.6196698,128.1932629,"[""라마62b36a""]"
candidate_aceaf0c8553fe65b,청계경로당,마을회관및경로당,48890340,야로면,35.69331471,128.2004455,"[""라마63a44a""]"
candidate_aebd018f588bca57,관음경로당,마을회관및경로당,48890460,용주면,35.5777524,128.0998307,"[""라마54a31a"",""라마54a31b""]"
candidate_aec34b1df3a60d2a,송정마을경로당,경로당,48890450,대병면,35.49730546,128.035217,[]
candidate_aecc1bf4abeec962,신촌경로당,경로당,48890250,합천읍,35.6105318,128.1040327,"[""라마54b35a""]"
candidate_aff42dd991c9f0c1,백자동경로당,경로당,48890250,합천읍,35.6060114,128.1091592,"[""라마55a34b""]"
candidate_b03bcc10bed18ca7,초계경로당,경로당,48890360,초계면,35.5573767,128.2680623,"[""라마69b29a""]"
candidate_b0ae13e6d4e165b1,적중경로당,경로당,48890400,적중면,35.54734996,128.2809617,"[""라마70b28a""]"
candidate_b0d39b45dfb41f1c,정대1구 경로당,마을회관및경로당,48890340,야로면,35.6965222,128.1678227,"[""라마60a44b""]"
candidate_b11000863fe3db55,원장단경로당,마을회관및경로당,48890450,대병면,35.5109019,128.0474599,"[""라마49b23b"",""라마49b24a""]"
candidate_b116e4a6d976f829,비기경로당,마을회관및경로당,48890440,가회면,35.4535019,128.0461152,"[""라마49b17b""]"
candidate_b1f696ed68a6c414,건태경로당,마을회관및경로당,48890370,쌍책면,35.6083804,128.2538651,"[""라마68a34b"",""라마68a35a""]"
candidate_b200e30ab6274433,봉곡1구경로당,마을회관및경로당,48890320,묘산면,35.6410217,128.1078928,[]
candidate_b237d9728233b72b,진정경로당,마을회관및경로당,48890370,쌍책면,35.5937121,128.2910638,"[""라마71b33a""]"
candidate_b2ea9ba9698e6b87,장단1구경로당,경로당,48890450,대병면,35.5104615,128.0440421,"[""라마49a23b"",""라마49a24a""]"
candidate_b2f1c88f81c91380,신거경로당,마을회관및경로당,48890410,대양면,35.5033313,128.1676084,"[""라마60a23a"",""라마60b23a""]"
candidate_b3c4d85cd58227df,고품3구경로당,마을회관및경로당,48890460,용주면,35.53600977,128.1015764,"[""라마54a26b"",""라마54b26b""]"
candidate_b41a03dc34e1e3f1,성리2구경로당,마을회관및경로당,48890450,대병면,35.5199011,128.0600232,"[""라마50b24b"",""라마50b25a""]"
candidate_b4348f44337368e2,야동 경로당,마을회관및경로당,48890330,가야면,35.7279789,128.1044505,"[""라마54b48a""]"
candidate_b43cff29e6939f1b,중흥경로당,마을회관및경로당,48890250,합천읍,35.56572061,128.1559893,"[""라마59a30a""]"
candidate_b480376af3b51f9e,송기경로당,마을회관및경로당,48890390,청덕면,35.55659193,128.3148249,"[""라마73b29a""]"
candidate_b49b797e5aeb2b73,우곡계성경로당,마을회관및경로당,48890460,용주면,35.56830756,128.0734412,"[""라마51b30a""]"
candidate_b4e3223241b1f9ca,대양경로당,마을회관및경로당,48890410,대양면,35.5159961,128.1737866,"[""라마61a24b""]"
candidate_b5005ba968f2e575,율곡경로당,마을회관및경로당,48890350,율곡면,35.5730289,128.2185038,"[""라마65a31a""]"
candidate_b53c54cdce762a80,청현 경로당,마을회관및경로당,48890330,가야면,35.7186217,128.1288538,"[""라마56b47a""]"
candidate_b55c2ef8cc9f7ba4,낙민3구경로당,마을회관및경로당,48890350,율곡면,35.58190794,128.2399228,[]
candidate_b5b640f7ef0616a4,평지곡내경로당,경로당,48890420,쌍백면,35.4391864,128.1705484,"[""라마60b16a""]"
candidate_b5d202580a19abe1,신평경로당,마을회관및경로당,48890430,삼가면,35.3841579,128.1224751,[]
candidate_b636a39abe5061fc,용지경로당,마을회관및경로당,48890460,용주면,35.5397662,128.1124881,"[""라마55a27a"",""라마55b27a""]"
candidate_b6b1cb713da6a20b,임북2구경로당,마을회관및경로당,48890350,율곡면,35.5757576,128.1798845,"[""라마61b31a""]"
candidate_b7123e5eebd51c32,와리할머니경로당,마을회관및경로당,48890350,율곡면,35.61120438,128.1967415,"[""라마63a35a""]"
candidate_b74396bdfa36bc4a,압곡2구경로당,마을회관및경로당,48890310,봉산면,35.64751516,128.0544034,"[""라마50a39a""]"
candidate_b7b38bf2d54d72ac,덕촌새터경로당,마을회관및경로당,48890440,가회면,35.4351167,128.0363795,"[""라마48b15b""]"
candidate_b96056a2584db9d2,거산(음지)경로당,마을회관및경로당,48890320,묘산면,35.6708251,128.1465503,"[""라마58a41b"",""라마58b41b""]"
candidate_b961a1676d79e6d0,하허경로당,마을회관및경로당,48890420,쌍백면,35.4838043,128.1255245,"[""라마56b21a""]"
candidate_b96864c5d55462e1,황계경로당,마을회관및경로당,48890460,용주면,35.51150054,128.0806078,"[""라마52b24a""]"
candidate_ba190e601c932576,신방경로당,경로당,48890460,용주면,35.5700042,128.1061095,"[""라마54b30b""]"
candidate_ba2ad043453c757c,복곡침실경로당,마을회관및경로당,48890430,삼가면,35.4058051,128.1588075,"[""라마59b12a""]"
candidate_ba873b5a6990d657,아막경로당,마을회관및경로당,48890360,초계면,35.56234018,128.2684578,"[""라마69b29b""]"
candidate_bc413b97de2d0100,빈연 경로당,경로당,48890340,야로면,35.7432156,128.1443832,"[""라마58a49b""]"
candidate_bcd631f95b3be13d,남암경로당,마을회관및경로당,48890250,합천읍,35.61559869,128.1268949,"[""라마56b35b""]"
candidate_bce345e46103516c,옥두경로당,마을회관및경로당,48890400,적중면,35.5501306,128.296275,"[""라마72a28a"",""라마72a28b""]"
candidate_bd4cea189ec85c50,사동경로당,마을회관및경로당,48890250,합천읍,35.6116616,128.1657147,"[""라마60a35a""]"
candidate_bdc662c8d65c307f,매화2구 경로당,마을회관및경로당,48890330,가야면,35.73493331,128.1242076,"[""라마56a48b""]"
candidate_be98ebd9ad9177f9,야로할머니경로당,경로당,48890340,야로면,35.7052172,128.1698838,"[""라마60b45b""]"
candidate_c0876a7e2d7c21b7,내기동경로당,경로당,48890250,합천읍,35.61240458,128.115007,"[""라마55b35a""]"
candidate_c09ea83b6e917dcc,덕암 경로당,마을회관및경로당,48890340,야로면,35.6786564,128.1617767,"[""라마59b42b""]"
candidate_c0dd1f9c3c726d54,황산3구 경로당,마을회관및경로당,48890330,가야면,35.7601578,128.1393932,"[""라마57b51b""]"
candidate_c0ee754f2664d51b,안계경로당,마을회관및경로당,48890250,합천읍,35.58941293,128.1418994,"[""라마58a32b""]"
candidate_c127e2e266649a9c,상포경로당,마을회관및경로당,48890370,쌍책면,35.5840145,128.2672168,"[""라마69a32a"",""라마69b32a""]"
candidate_c28c8a8a3b6412ff,영창경로당,마을회관및경로당,48890250,합천읍,35.5708014,128.1597282,"[""라마59b30b""]"
candidate_c33179c7507b7e0c,창동경로당,경로당,48890360,초계면,35.5481243,128.2535206,"[""라마68a28a""]"
candidate_c3804e7c7a11f2e4,항곡1구경로당,마을회관및경로당,48890350,율곡면,35.5976444,128.2121926,"[""라마64a33b"",""라마64b33b""]"
candidate_c38b2b7cb7e69200,내초경로당,마을회관및경로당,48890420,쌍백면,35.4094901,128.1719832,"[""라마60b12b"",""라마61a12b""]"
candidate_c3a3c3a30562a550,법정경로당,마을회관및경로당,48890250,합천읍,35.619479,128.1638432,"[""라마60a36a""]"
candidate_c3dcbd02faded094,덕봉경로당,마을회관및경로당,48890370,쌍책면,35.6029442,128.2788032,"[""라마70b34a""]"
candidate_c47f7f60a7a4c16d,덕방 경로당,마을회관및경로당,48890330,가야면,35.74742557,128.0981845,"[""라마54a50a""]"
candidate_c5ad818558185199,안동경로당,마을회관및경로당,48890430,삼가면,35.38412913,128.0974782,"[""라마54a09b"",""라마54a10a""]"
candidate_c63c6059f076212f,가산경로당,마을회관및경로당,48890320,묘산면,35.6585334,128.1281277,"[""라마56b40a""]"
candidate_c651a8f316bc91a7,유촌 경로당(구정3구),마을회관및경로당,48890340,야로면,35.7066709,128.1615238,"[""라마59b45b""]"
candidate_c667981706130c44,운곡경로당,마을회관및경로당,48890420,쌍백면,35.46550244,128.1393457,[]
candidate_c6c56855689c6b9d,낙민경로당,마을회관및경로당,48890350,율곡면,35.57853973,128.2255036,"[""라마65b31b""]"
candidate_c6da344f148ea613,자경 경로당(묵촌1구),마을회관및경로당,48890340,야로면,35.7048421,128.1539171,"[""라마59a45b""]"
candidate_c7d85427f5451645,청현2구 경로당,마을회관및경로당,48890330,가야면,35.72467663,128.1219099,"[""라마56a47b""]"
candidate_c7f9ffd4a8482b49,성기2구 경로당,마을회관및경로당,48890330,가야면,35.7176215,128.1055459,"[""라마54b46b"",""라마54b47a""]"
candidate_c82cf6d99ba04a0b,평학경로당,마을회관및경로당,48890450,대병면,35.5459191,128.0513076,"[""라마49b27b""]"
candidate_c8335276fcbf7294,야로2구 경로당,마을회관및경로당,48890340,야로면,35.7156317,128.1735669,"[""라마60b46b""]"
candidate_c930572b9aefe829,보림경로당,경로당,48890250,합천읍,35.5962161,128.1487869,"[""라마58b33a"",""라마58b33b""]"
candidate_c96f9fdb248412be,샛담경로당,마을회관및경로당,48890350,율곡면,35.56713168,128.2087136,"[""라마64a30a""]"
candidate_c99ddc1154a4362d,장전경로당,마을회관및경로당,48890420,쌍백면,35.4697101,128.1536001,"[""라마59a19a"",""라마59a19b""]"
candidate_c9c2efa094dbe7ea,외동마을경로당,마을회관,48890430,삼가면,35.41020184,128.0903197,"[""라마53b12b""]"
candidate_cb9d42bffc1250bd,하림2구 경로당,마을회관및경로당,48890340,야로면,35.7457992,128.1506898,"[""라마58b50a""]"
candidate_cba372bf6b3148d6,할머니경로당,경로당,48890250,합천읍,35.5650955,128.1599044,"[""라마59b30a""]"
candidate_cc4495ab42795c26,평산경로당,마을회관및경로당,48890400,적중면,35.5391096,128.2861684,"[""라마71a27a""]"
candidate_cca2f07a56f9db36,하안경로당,마을회관및경로당,48890420,쌍백면,35.441416,128.1381697,"[""라마57b16a""]"
candidate_ccecda85fefc20b2,기리경로당,마을회관및경로당,48890350,율곡면,35.6306212,128.2221011,"[""라마65a37a""]"
candidate_ccf8c06063e5c7dc,송곡경로당,마을회관및경로당,48890430,삼가면,35.4126067,128.078599,"[""라마52b13a""]"
candidate_cd31da082307ebc9,보탑 경로당(정대3구),마을회관및경로당,48890340,야로면,35.6874307,128.1718706,"[""라마60b43b""]"
candidate_ce0409d4e5b67fc0,외삼학경로당,마을회관및경로당,48890390,청덕면,35.5871121,128.3525689,"[""라마77a32b""]"
candidate_ce1fc67abb9391ac,창동경로당,마을회관및경로당,48890370,쌍책면,35.629056,128.2504086,"[""라마67b37a""]"
candidate_ceb8c7bddc66b324,평촌경로당,마을회관및경로당,48890320,묘산면,35.6742903,128.1354437,"[""라마57a42a"",""라마57b42a""]"
candidate_cf083b217addc483,배미동경로당,마을회관및경로당,48890410,대양면,35.5069201,128.1792789,"[""라마61b23b""]"
candidate_cf1469ddd09c900c,수남경로당,마을회관및경로당,48890350,율곡면,35.5743133,128.2289667,"[""라마66a31a""]"
candidate_cf8fef1ef0bea912,고품1구경로당,마을회관및경로당,48890460,용주면,35.5365976,128.0971992,"[""라마54a26b""]"
candidate_cfde86bc75a3845d,적교마을경로당,마을회관,48890390,청덕면,35.5260355,128.3585204,"[""라마77b25b""]"
candidate_cfea183c64f806a6,청덕경로당,마을회관및경로당,48890390,청덕면,35.5588369,128.3200048,"[""라마74a29a"",""라마74a29b""]"
candidate_d0305b5386360609,계촌경로당,마을회관및경로당,48890370,쌍책면,35.5818612,128.2902044,"[""라마71b32a""]"
candidate_d043d8b46727f8d2,일부경로당,마을회관및경로당,48890430,삼가면,35.4111889,128.124553,"[""라마56b12b"",""라마56b13a""]"
candidate_d0c3ca302ee444e1,송정2구경로당,마을회관및경로당,48890390,청덕면,35.6149622,128.3001371,"[""라마72a35b"",""라마72b35b""]"
candidate_d0e34bc4102d0ec5,하판경로당,마을회관및경로당,48890430,삼가면,35.4242451,128.1113031,[]
candidate_d1a89824b3db9efd,나대2구 경로당,마을회관및경로당,48890340,야로면,35.73503561,128.16633,"[""라마60a48b"",""라마60a49a""]"
candidate_d2c33f681810ec29,장단2구경로당,마을회관및경로당,48890450,대병면,35.5082726,128.0397306,"[""라마48b23b""]"
candidate_d32d7fbd9beae2fe,하금2구경로당,마을회관및경로당,48890450,대병면,35.52780414,127.9967146,"[""라마45a25b""]"
candidate_d448e5a1b3be1b65,관수경로당,마을회관및경로당,48890370,쌍책면,35.5829094,128.2735817,"[""라마70a32a""]"
candidate_d5cd2c58d91df59e,노곡3구경로당,마을회관및경로당,48890310,봉산면,35.5891109,127.9936409,"[""라마44b32b""]"
candidate_d7202bcd7ed958d6,장동경로당,마을회관및경로당,48890360,초계면,35.54400972,128.2592493,"[""라마68b27b""]"
candidate_d786ad04249004eb,병배경로당,마을회관및경로당,48890380,덕곡면,35.62470788,128.3400491,"[""라마76a36b""]"
candidate_d88b9f04378237f4,안구경로당,마을회관및경로당,48890420,쌍백면,35.4350246,128.1384942,"[""라마57b15b""]"
candidate_d8ed2169bed502db,쌍책경로당,경로당,48890370,쌍책면,35.5747405,128.2863613,"[""라마71a31a""]"
candidate_da220e14af8f919f,무곡새마을회경로당,마을회관및경로당,48890410,대양면,35.5224209,128.1928972,"[""라마62b25a""]"
candidate_da30e3b1f77ec70d,내삼학경로당,마을회관및경로당,48890390,청덕면,35.5888908,128.3389597,"[""라마75b32b"",""라마76a32b""]"
candidate_da86b9c454c04ba6,봉곡(봉곡2구)경로당,마을회관및경로당,48890320,묘산면,35.638942,128.1051737,"[""라마54b38a""]"
candidate_dab881df4f07303e,대동할머니경로당,경로당,48890360,초계면,35.5619687,128.2495378,"[""라마67b29b""]"
candidate_dac6552d38300016,대목경로당,마을회관및경로당,48890410,대양면,35.5275512,128.1678793,"[""라마60b25b""]"
candidate_dac7f0337778c47c,외사경로당,마을회관및경로당,48890440,가회면,35.4259144,128.0737633,"[""라마52a14b""]"
candidate_db0faff5f0679ab8,가천 경로당,마을회관및경로당,48890330,가야면,35.7416971,128.0940316,"[""라마53b49b""]"
candidate_db2348b916c3fdd3,내동경로당,마을회관및경로당,48890410,대양면,35.4968273,128.2209649,"[""라마65a22b""]"
candidate_dbeb5d8037b20794,궁동경로당,마을회관및경로당,48890390,청덕면,35.5805693,128.3164159,"[""라마73b31b""]"
candidate_dc43e24623746403,외촌경로당,마을회관및경로당,48890370,쌍책면,35.5769073,128.2848685,"[""라마71a31a"",""라마71a31b""]"
candidate_dc5e6fc9b111e6e8,병배경로당,마을회관및경로당,48890360,초계면,35.5265379,128.2484027,"[""라마67b25b""]"
candidate_dc68649eac8c7d89,중부경로당,마을회관및경로당,48890400,적중면,35.5467173,128.278431,"[""라마70b28a""]"
candidate_dd2eb179777cff38,가현경로당,마을회관및경로당,48890390,청덕면,35.5673735,128.3297678,"[""라마75a30a"",""라마75a30b""]"
candidate_dded9ad2a6a369d0,석장경로당,경로당,48890450,대병면,35.5083409,128.018223,"[""라마46b23b"",""라마47a23b""]"
candidate_deee01262039af72,관자경로당,마을회관및경로당,48890250,합천읍,35.6077357,128.1061483,"[""라마54b34b""]"
candidate_df15329bb2c3ff26,내동경로당,마을회관및경로당,48890360,초계면,35.55998254,128.2666252,"[""라마69a29b""]"
candidate_df5bf3f981780c0d,성은경로당,경로당,48890250,합천읍,35.56647768,128.1673894,"[""라마60a30a"",""라마60b30a""]"
candidate_df661c7f0548e8f3,사촌2구 경로당,마을회관및경로당,48890330,가야면,35.7513654,128.1181147,"[""라마55b50b""]"
candidate_e07d40225cf58db7,중리경로당,마을회관및경로당,48890360,초계면,35.56029731,128.2547005,"[""라마68a29b""]"
candidate_e090950bc3742567,안성경로당,마을회관및경로당,48890320,묘산면,35.67259955,128.12704,"[""라마56b41b"",""라마56b42a""]"
candidate_e131e39bc36cf578,공암경로당,마을회관및경로당,48890460,용주면,35.501502,128.1028206,"[""라마54b22b"",""라마54b23a""]"
candidate_e20d8a412916f2d7,하금경로당,마을회관및경로당,48890430,삼가면,35.4154679,128.1182281,"[""라마56a13a"",""라마56a13b""]"
candidate_e2fd50e79b1bc487,이부경로당,마을회관및경로당,48890430,삼가면,35.41291894,128.1237738,"[""라마56b13a""]"
candidate_e3399d70a42990c3,영전2구경로당,마을회관및경로당,48890350,율곡면,35.5604159,128.2132521,"[""라마64b29b""]"
candidate_e389052e49ff7c3d,대부마을경로당,마을회관및경로당,48890390,청덕면,35.53653107,128.337934,"[""라마75b27a""]"
candidate_e3b191fb9939a257,봉기경로당,마을회관및경로당,48890460,용주면,35.54863756,128.0879159,"[""라마53a28a""]"
candidate_e3f91431f4fb16ff,사양경로당,마을회관및경로당,48890370,쌍책면,35.6263153,128.2732858,[]
candidate_e4610ddd1e912e4e,평지본동경로당,마을회관및경로당,48890420,쌍백면,35.4386645,128.1683664,"[""라마60b16a""]"
candidate_e48230139ffb6dfd,검암경로당,마을회관및경로당,48890440,가회면,35.4859561,128.0338125,"[""라마48a21a""]"
candidate_e4f1d56e124fcb0f,노양1구샛담경로당,마을회관및경로당,48890350,율곡면,35.63273002,128.1957343,"[""라마62b37b"",""라마63a37b""]"
candidate_e5bcc95931ad68f6,부곡경로당,마을회관및경로당,48890390,청덕면,35.53401073,128.3374164,"[""라마75b26b""]"
candidate_e5c4407eb10e8d34,동곡경로당,마을회관및경로당,48890440,가회면,35.4432077,128.0026221,"[""라마45b16a"",""라마45b16b""]"
candidate_e7179d7492ff2067,정산경로당,마을회관및경로당,48890390,청덕면,35.6016551,128.3153841,"[""라마73b34a""]"
candidate_e84110f8f949c490,두사경로당,마을회관및경로당,48890350,율곡면,35.59757115,128.2302801,"[""라마66a33b""]"
candidate_e86ca9c5d21e2964,월곡경로당,마을회관및경로당,48890370,쌍책면,35.6258214,128.2497692,"[""라마67b36b""]"
candidate_e954ab83b9c93469,김봉할머니경로당,경로당,48890310,봉산면,35.6259199,128.041533,"[""라마48b36b"",""라마49a36b""]"
candidate_e96e5ad07b63b62b,하빈2구 경로당,마을회관및경로당,48890340,야로면,35.72675966,128.1874086,"[""라마62a48a""]"
candidate_e9c18c8df1c08b45,상부경로당,마을회관및경로당,48890400,적중면,35.5475712,128.2754609,"[""라마70a28a""]"
candidate_e9f12bf3e4e24797,학동경로당,마을회관및경로당,48890430,삼가면,35.4062314,128.0944551,"[""라마53b12a""]"
candidate_ea89f9527b480b32,공암아곡경로당,경로당,48890460,용주면,35.48892794,128.0955106,"[""라마53b21b"",""라마54a21b""]"
candidate_ec3a93b2d446f12a,구원2구 경로당,마을회관및경로당,48890330,가야면,35.7739687,128.1292415,"[""라마56b53a""]"
candidate_ec6244180e0790b2,우복 경로당(매촌2구),마을회관및경로당,48890340,야로면,35.71440197,128.1627447,"[""라마59b46b""]"
candidate_ece4d0934f2257b9,장유정경로당(주공a),경로당,48890250,합천읍,35.57256806,128.1623359,"[""라마60a30b""]"
candidate_edc2f81786c048ac,상대경로당,마을회관및경로당,48890380,덕곡면,35.6283613,128.3158754,"[""라마73b37a""]"
candidate_edec531083dd0a82,덕정할아버지경로당,마을회관및경로당,48890410,대양면,35.51669802,128.1742555,"[""라마61a24b""]"
candidate_ee32d00b54199c18,쌍백분회경로당,경로당,48890420,쌍백면,35.43960257,128.144555,"[""라마58a16a"",""라마58b16a""]"
candidate_eecffd0a007d8ce4,대밭골 경로당,마을회관및경로당,48890330,가야면,35.7469038,128.0714599,"[""라마51b50a""]"
candidate_f124b6dfd73c565c,이암경로당,마을회관및경로당,48890420,쌍백면,35.4536242,128.1180195,"[""라마56a17b""]"
candidate_f131519c6ccde308,손목1구할머니경로당,경로당,48890460,용주면,35.5522056,128.130032,"[""라마57a28b""]"
candidate_f142dc86ed3704ac,복암경로당,마을회관및경로당,48890440,가회면,35.4716279,128.0139064,"[""라마46b19b""]"
candidate_f168cb8cca6254e1,관동경로당,마을회관및경로당,48890410,대양면,35.5116176,128.172199,"[""라마60b24a""]"
candidate_f1d1a33a54a65559,유전경로당,마을회관및경로당,48890450,대병면,35.5397278,127.9875497,"[""라마44a27a""]"
candidate_f1fa56cc6438afa1,신점경로당,마을회관및경로당,48890430,삼가면,35.3740001,128.1019674,"[""라마54b08b""]"
candidate_f213643c1c6db4f4,상천경로당,마을회관및경로당,48890450,대병면,35.5442773,128.0275615,"[""라마47b27b""]"
candidate_f257094a55a47f11,매안2구 경로당,마을회관및경로당,48890330,가야면,35.7310534,128.1034154,"[""라마54b48a""]"
candidate_f25f718d6a88cd5c,토동경로당,마을회관및경로당,48890430,삼가면,35.3834145,128.1020893,"[""라마54b09b""]"
candidate_f2af77bd05826737,영전1구경로당,마을회관및경로당,48890350,율곡면,35.573135,128.2179085,"[""라마65a31a""]"
candidate_f34b04c981c6df9b,지동경로당,마을회관및경로당,48890430,삼가면,35.44641732,128.1053192,"[""라마54b16b""]"
candidate_f36212f1d3c917dc,중부할머니경로당,경로당,48890400,적중면,35.54509855,128.2792094,"[""라마70b27b""]"
candidate_f47ab76f0dcac19d,남암경로당,마을회관및경로당,48890410,대양면,35.5084285,128.1891014,"[""라마62a23b"",""라마62b23b""]"
candidate_f5354b88f342d4ba,백암경로당,마을회관및경로당,48890410,대양면,35.4974191,128.2128209,"[""라마64b22b""]"
candidate_f5e768ee56149ffd,학계 경로당,마을회관및경로당,48890330,가야면,35.744263,128.1082198,[]
candidate_f5ee3f100d1bb782,구평경로당,마을회관및경로당,48890440,가회면,35.4196594,128.030338,"[""라마48a13b""]"
candidate_f7abd4cf6fb14b2d,유천경로당,마을회관및경로당,48890390,청덕면,35.50371476,128.360736,"[""라마78a23a""]"
candidate_f8b632f7ef3649db,덕전경로당,마을회관및경로당,48890440,가회면,35.47772959,128.0095656,"[""라마46a20a""]"
candidate_f8f749535cf7d71c,두심경로당,마을회관및경로당,48890440,가회면,35.4855173,128.0211494,"[""라마47a21a""]"
candidate_f91b255ba89cc0c8,창촌경로당,마을회관및경로당,48890320,묘산면,35.6623999,128.1197728,"[""라마56a40b""]"
candidate_f97a47c36ee55d1f,유하경로당,마을회관및경로당,48890360,초계면,35.5415284,128.2481401,"[""라마67b27a"",""라마67b27b""]"
candidate_f97d5afa3a91487d,월계경로당,마을회관및경로당,48890420,쌍백면,35.4359947,128.1819081,"[""라마61b15b""]"
candidate_f9ded4a35395b132,장단봉기경로당,경로당,48890450,대병면,35.5052481,128.0526266,"[""라마50a23a""]"
candidate_fb25a8a40a323597,중회경로당,마을회관및경로당,48890390,청덕면,35.56082172,128.3213462,"[""라마74a29b""]"
candidate_fc4950324f2670d6,기리백마경로당,마을회관및경로당,48890350,율곡면,35.6175014,128.2223229,"[""라마65a35b""]"
candidate_fc68c17c94e4108e,오도경로당,마을회관및경로당,48890440,가회면,35.4460265,128.0250826,"[""라마47b16b""]"
candidate_fd0d51f0b48759c7,남재경로당,마을회관및경로당,48890380,덕곡면,35.62030683,128.3452962,"[""라마76b36a""]"
candidate_fec68d2116092232,우곡경로당,경로당,48890460,용주면,35.57330599,128.078918,"[""라마52a30b""]"
candidate_ff23b61d8ea958f8,금양경로당,마을회관및경로당,48890250,합천읍,35.5921363,128.1733147,"[""라마60b33a"",""라마61a33a""]"
candidate_ff26d12e1889d2e2,대평경로당,마을회관및경로당,48890360,초계면,35.5446143,128.2509619,"[""라마68a27b""]"
