shelter_id,facility_name,road_address,lot_address,region_code,region_name,latitude,longitude,geocoding_status,geocoding_source,geocoding_query,geocoding_query
SHELTER_001,(대병면)하금경로당,경남 합천군 대병면 금객1길 60,경남 합천군 대병면 하금리 668-1,48890450,대병면,35.5320350497988,127.991391728515,OK,kakao,경남 합천군 대병면 금객1길 60,경남 합천군 대병면 금객1길 60
SHELTER_002,(매안1구)숭산경로당,경남 합천군 가야면 매안대전길 6-6 (숭산노인정),경남 합천군 가야면 매안리 399-11 숭산노인정,48890330,가야면,35.7318080093143,128.108498523195,OK,kakao,경남 합천군 가야면 매안대전길 6-6 (숭산노인정),경남 합천군 가야면 매안대전길 6-6 (숭산노인정)
SHELTER_003,(소오리)교동경로당,경남 합천군 삼가면 소오2길 2,경남 합천군 삼가면 소오리 181-1,48890430,삼가면,35.4077823108374,128.119028974743,OK,kakao,경남 합천군 삼가면 소오2길 2,경남 합천군 삼가면 소오2길 2
SHELTER_004,(신촌리)병배경로당,경남 합천군 초계면 신촌길 40,경남 합천군 초계면 신촌리 547,48890360,초계면,35.5263814383484,128.246601340613,OK,kakao,경남 합천군 초계면 신촌길 40,경남 합천군 초계면 신촌길 40
SHELTER_005,(안성리)평촌경로당,경남 합천군 묘산면 평촌길 21-4,경남 합천군 묘산면 안성리 197-1,48890320,묘산면,35.6742995060761,128.135482977556,OK,kakao,경남 합천군 묘산면 평촌길 21-4,경남 합천군 묘산면 평촌길 21-4
SHELTER_006,(양리)송정경로당,경남 합천군 대병면 송정길 105-1,경남 합천군 대병면 양리 174,48890450,대병면,35.497305459588,128.035213977676,OK,kakao,경남 합천군 대병면 송정길 105-1,경남 합천군 대병면 송정길 105-1
SHELTER_007,가등경로당,경남 합천군 가회면 황매산가호길 98,경남 합천군 가회면 도탄리 1317,48890440,가회면,35.4637428446462,128.028543223828,OK,kakao,경남 합천군 가회면 황매산가호길 98,경남 합천군 가회면 황매산가호길 98
SHELTER_008,가야면사무소,경남 합천군 가야면 가야시장로 92,경남 합천군 가야면 야천리 465-5,48890330,가야면,35.7629141336942,128.13931450925,OK,kakao,경남 합천군 가야면 가야시장로 92,경남 합천군 가야면 가야시장로 92
SHELTER_009,가현새마을경로당,경남 합천군 청덕면 동부로 1894-3,경남 합천군 청덕면 가현리 159-6,48890390,청덕면,35.5617669205178,128.335875091878,OK,kakao,경남 합천군 청덕면 동부로 1894-3,경남 합천군 청덕면 동부로 1894-3
SHELTER_010,갑산2구경로당,경남 합천군 율곡면 낙민갑산길 285,경남 합천군 율곡면 갑산리 564-7,48890350,율곡면,35.5902434884697,128.25939864083,OK,kakao,경남 합천군 율곡면 낙민갑산길 285,경남 합천군 율곡면 낙민갑산길 285
SHELTER_011,검암경로당,경남 합천군 가회면 검암길 19-2,경남 합천군 가회면 도탄리 211,48890440,가회면,35.4859747471422,128.033821697643,OK,kakao,경남 합천군 가회면 검암길 19-2,경남 합천군 가회면 검암길 19-2
SHELTER_012,계산1구마을회관,경남 합천군 봉산면 계산5길 12,경남 합천군 봉산면 계산리 145-1,48890310,봉산면,35.590105277492,128.069954788102,OK,kakao,경남 합천군 봉산면 계산5길 12,경남 합천군 봉산면 계산5길 12
SHELTER_013,관수경로당,경남 합천군 쌍책면 상포1길 126-14,경남 합천군 쌍책면 상포리 99-1,48890370,쌍책면,35.582810821646,128.273889592408,OK,kakao,경남 합천군 쌍책면 상포1길 126-14,경남 합천군 쌍책면 상포1길 126-14
SHELTER_014,관평마을회관,경남 합천군 초계면 관평1길 43-4,경남 합천군 초계면 관평리 466-1,48890360,초계면,35.5463796789093,128.263462637622,OK,kakao,경남 합천군 초계면 관평1길 43-4,경남 합천군 초계면 관평1길 43-4
SHELTER_015,광산경로당,경남 합천군 묘산면 광산1길 8-1,경남 합천군 묘산면 광산리 379-3,48890320,묘산면,35.6439780624278,128.118755397142,OK,kakao,경남 합천군 묘산면 광산1길 8-1,경남 합천군 묘산면 광산1길 8-1
SHELTER_016,구평경로당,경남 합천군 가회면 신등가회로 682,경남 합천군 가회면 함방리 646-4,48890440,가회면,35.4196886287706,128.030390767768,OK,kakao,경남 합천군 가회면 신등가회로 682,경남 합천군 가회면 신등가회로 682
SHELTER_017,궁동경로당,경남 합천군 청덕면 성태1길 11,경남 합천군 청덕면 성태리 980-2,48890390,청덕면,35.58057079002,128.316411640114,OK,kakao,경남 합천군 청덕면 성태1길 11,경남 합천군 청덕면 성태1길 11
SHELTER_018,권빈3구경로당,경남 합천군 봉산면 권빈2길 3,경남 합천군 봉산면 권빈리 958-10,48890310,봉산면,35.6341430712545,128.064451461081,OK,kakao,경남 합천군 봉산면 권빈2길 3,경남 합천군 봉산면 권빈2길 3
SHELTER_019,내기마을회관,경남 합천군 합천읍 장계1길 21,경남 합천군 합천읍 장계리 897-4,48890250,합천읍,35.6124045793901,128.115013984151,OK,kakao,경남 합천군 합천읍 장계1길 21,경남 합천군 합천읍 장계1길 21
SHELTER_020,내사경로당,경남 합천군 가회면 내사길 170-2,경남 합천군 가회면 외사리 65-1,48890440,가회면,35.4380668716769,128.083866667131,OK,kakao,경남 합천군 가회면 내사길 170-2,경남 합천군 가회면 내사길 170-2
SHELTER_021,내초경로당,"경남 합천군 쌍백면 동리외초길 402 , 내초경로당",경남 합천군 쌍백면 외초리 1168-1,48890420,쌍백면,35.4094788428008,128.171984442447,OK,kakao,"경남 합천군 쌍백면 동리외초길 402 , 내초경로당","경남 합천군 쌍백면 동리외초길 402 , 내초경로당"
SHELTER_022,노리경로당,경남 합천군 용주면 노리팔산길 68,경남 합천군 용주면 노리 286-1,48890460,용주면,35.5235398064815,128.123236262639,OK,kakao,경남 합천군 용주면 노리팔산길 68,경남 합천군 용주면 노리팔산길 68
SHELTER_023,노양2구경로당,경남 합천군 율곡면 노양1길 7,경남 합천군 율곡면 노양리 558-3,48890350,율곡면,35.6231427583191,128.193272106073,OK,kakao,경남 합천군 율곡면 노양1길 7,경남 합천군 율곡면 노양1길 7
SHELTER_024,대부경로당,경남 합천군 청덕면 대부1길 107-11,경남 합천군 청덕면 대부리 875-1,48890390,청덕면,35.5365310696192,128.337950421494,OK,kakao,경남 합천군 청덕면 대부1길 107-11,경남 합천군 청덕면 대부1길 107-11
SHELTER_025,대산경로당,경남 합천군 대병면 장단4길 3,경남 합천군 대병면 장단리 504-7,48890450,대병면,35.5096899173947,128.05133793022,OK,kakao,경남 합천군 대병면 장단4길 3,경남 합천군 대병면 장단4길 3
SHELTER_026,대양면복지회관,경남 합천군 대양면 대한로 6,경남 합천군 대양면 덕정리 925-3,48890410,대양면,35.5156615150096,128.174401575062,OK,kakao,경남 합천군 대양면 대한로 6,경남 합천군 대양면 대한로 6
SHELTER_027,대양야외쉼터,경남 합천군 대양면 대한로 5,경남 합천군 대양면 덕정리 870-3,48890410,대양면,35.5166980162374,128.174255512317,OK,kakao,경남 합천군 대양면 대한로 5,경남 합천군 대양면 대한로 5
SHELTER_028,대양정양야외쉼터,경남 합천군 대양면 정양2길 45,경남 합천군 대양면 정양리 293,48890410,대양면,35.542840443,128.162994761311,OK,kakao,경남 합천군 대양면 정양2길 45,경남 합천군 대양면 정양2길 45
SHELTER_029,도탄경로당,경남 합천군 가회면 서부로 1245,경남 합천군 가회면 도탄리 1073-3,48890440,가회면,35.4685476791985,128.035341243403,OK,kakao,경남 합천군 가회면 서부로 1245,경남 합천군 가회면 서부로 1245
SHELTER_030,독산경로당,"경남 합천군 덕곡면 학리3길 33 , 노인회관",경남 합천군 덕곡면 학리 495-1,48890380,덕곡면,35.6215872456505,128.353443731309,OK,kakao,"경남 합천군 덕곡면 학리3길 33 , 노인회관","경남 합천군 덕곡면 학리3길 33 , 노인회관"
SHELTER_031,동남경로당,경남 합천군 묘산면 거산1길 22-6,경남 합천군 묘산면 거산리 614-2,48890320,묘산면,35.6779418556752,128.144595089759,OK,kakao,경남 합천군 묘산면 거산1길 22-6,경남 합천군 묘산면 거산1길 22-6
SHELTER_032,둔덕경로당,경남 합천군 용주면 둔덕길 325,경남 합천군 용주면 용지리 627-1,48890460,용주면,35.5260827433129,128.088853645914,OK,kakao,경남 합천군 용주면 둔덕길 325,경남 합천군 용주면 둔덕길 325
SHELTER_033,매화2구경로당,경남 합천군 가야면 매화2길 1,경남 합천군 가야면 매화리 271-3,48890330,가야면,35.7349333094351,128.124207592821,OK,kakao,경남 합천군 가야면 매화2길 1,경남 합천군 가야면 매화2길 1
SHELTER_034,머금경로당,경남 합천군 가회면 동곡길 12,경남 합천군 가회면 덕촌리 814-7,48890440,가회면,35.4338948172195,128.015178232493,OK,kakao,경남 합천군 가회면 동곡길 12,경남 합천군 가회면 동곡길 12
SHELTER_035,무곡할머니경로당,경남 합천군 대양면 무곡길 151,경남 합천군 대양면 무곡리 839,48890410,대양면,35.5217538492207,128.186966512548,OK,kakao,경남 합천군 대양면 무곡길 151,경남 합천군 대양면 무곡길 151
SHELTER_036,무릉경로당,경남 합천군 초계면 무릉길 62,경남 합천군 초계면 상대리 663-1,48890360,초계면,35.5294429243605,128.242130339485,OK,kakao,경남 합천군 초계면 무릉길 62,경남 합천군 초계면 무릉길 62
SHELTER_037,묵촌1구마을회관,경남 합천군 야로면 묵촌길 23-2,경남 합천군 야로면 묵촌리 654-5,48890340,야로면,35.7048743275577,128.153958345188,OK,kakao,경남 합천군 야로면 묵촌길 23-2,경남 합천군 야로면 묵촌길 23-2
SHELTER_038,문림2구경로당,경남 합천군 율곡면 문림길 40-7,경남 합천군 율곡면 문림리 291-1,48890350,율곡면,35.5707238930962,128.192392736689,OK,kakao,경남 합천군 율곡면 문림길 40-7,경남 합천군 율곡면 문림길 40-7
SHELTER_039,박곡원촌경로당,경남 합천군 쌍책면 상신3길 9-6,경남 합천군 쌍책면 상신리 668-4,48890370,쌍책면,35.6352062491446,128.254552184544,OK,kakao,경남 합천군 쌍책면 상신3길 9-6,경남 합천군 쌍책면 상신3길 9-6
SHELTER_040,방곡2구할머니경로당,경남 합천군 용주면 방곡길 7,경남 합천군 용주면 방곡리 522,48890460,용주면,35.5700319048564,128.106111359784,OK,kakao,경남 합천군 용주면 방곡길 7,경남 합천군 용주면 방곡길 7
SHELTER_041,보림경로당,경남 합천군 합천읍 계림3길 54-4,경남 합천군 합천읍 서산리 1301-196,48890250,합천읍,35.5962271569558,128.148798913753,OK,kakao,경남 합천군 합천읍 계림3길 54-4,경남 합천군 합천읍 계림3길 54-4
SHELTER_042,복암경로당,경남 합천군 가회면 복치동길 18-5,경남 합천군 가회면 둔내리 710-1,48890440,가회면,35.4716535733466,128.013903422093,OK,kakao,경남 합천군 가회면 복치동길 18-5,경남 합천군 가회면 복치동길 18-5
SHELTER_043,본천2구경로당,경남 합천군 율곡면 본천1길 71,경남 합천군 율곡면 본천리 183-2,48890350,율곡면,35.5589536656735,128.19811957354,OK,kakao,경남 합천군 율곡면 본천1길 71,경남 합천군 율곡면 본천1길 71
SHELTER_044,본천3구경로당,경남 합천군 율곡면 본천길 353,경남 합천군 율곡면 본천리 657,48890350,율곡면,35.538899969161,128.198536628362,OK,kakao,경남 합천군 율곡면 본천길 353,경남 합천군 율곡면 본천길 353
SHELTER_045,사동마을회관,경남 합천군 합천읍 마령로 270,경남 합천군 합천읍 금양리 759,48890250,합천읍,35.6116899871731,128.165716545938,OK,kakao,경남 합천군 합천읍 마령로 270,경남 합천군 합천읍 마령로 270
SHELTER_046,사촌2구경로당,경남 합천군 가야면 사촌4길 15-3,경남 합천군 가야면 사촌리 997,48890330,가야면,35.7513736723234,128.118115720439,OK,kakao,경남 합천군 가야면 사촌4길 15-3,경남 합천군 가야면 사촌4길 15-3
SHELTER_047,산두경로당,경남 합천군 가회면 산두길 221,경남 합천군 가회면 월계리 418-8,48890440,가회면,35.4851610481169,128.055819178532,OK,kakao,경남 합천군 가회면 산두길 221,경남 합천군 가회면 산두길 221
SHELTER_048,삼가면사무소,경남 합천군 삼가면 삼가1로 76,경남 합천군 삼가면 금리 62-6,48890430,삼가면,35.414607815962,128.121705500292,OK,kakao,경남 합천군 삼가면 삼가1로 76,경남 합천군 삼가면 삼가1로 76
SHELTER_049,상대경로당,경남 합천군 덕곡면 장리1길 25,경남 합천군 덕곡면 장리 1000-3,48890380,덕곡면,35.6283875701978,128.315877643532,OK,kakao,경남 합천군 덕곡면 장리1길 25,경남 합천군 덕곡면 장리1길 25
SHELTER_050,성기1구경로당,경남 합천군 가야면 가조가야로 2249,경남 합천군 가야면 성기리 711-17,48890330,가야면,35.7220826505259,128.103018211786,OK,kakao,경남 합천군 가야면 가조가야로 2249,경남 합천군 가야면 가조가야로 2249
SHELTER_051,성기2구경로당,경남 합천군 가야면 성기2길 76,경남 합천군 가야면 성기리 156-1,48890330,가야면,35.7176739198204,128.10567411609,OK,kakao,경남 합천군 가야면 성기2길 76,경남 합천군 가야면 성기2길 76
SHELTER_052,성리1구경로당,경남 합천군 대병면 성리1길 4-5,경남 합천군 대병면 성리 1249-7,48890450,대병면,35.5237466487868,128.049266637586,OK,kakao,경남 합천군 대병면 성리1길 4-5,경남 합천군 대병면 성리1길 4-5
SHELTER_053,성산복지회관,경남 합천군 쌍책면 성산우회로 8,경남 합천군 쌍책면 성산리 125-2,48890370,쌍책면,35.5748856072508,128.287833968708,OK,kakao,경남 합천군 쌍책면 성산우회로 8,경남 합천군 쌍책면 성산우회로 8
SHELTER_054,소례경로당,경남 합천군 청덕면 소례2길 10,경남 합천군 청덕면 소례리 134-1,48890390,청덕면,35.5996644901332,128.333422106955,OK,kakao,경남 합천군 청덕면 소례2길 10,경남 합천군 청덕면 소례2길 10
SHELTER_055,손목1구할머니경로당,경남 합천군 용주면 황계폭포로 1395,경남 합천군 용주면 손목리 110-5,48890460,용주면,35.5522204121121,128.130039099695,OK,kakao,경남 합천군 용주면 황계폭포로 1395,경남 합천군 용주면 황계폭포로 1395
SHELTER_056,술곡경로당,경남 합천군 쌍백면 하신술곡길 211-1 (술곡경로당),경남 합천군 쌍백면 하신리 708,48890420,쌍백면,35.4681114972678,128.123499272471,OK,kakao,경남 합천군 쌍백면 하신술곡길 211-1 (술곡경로당),경남 합천군 쌍백면 하신술곡길 211-1 (술곡경로당)
SHELTER_057,신거경로당,경남 합천군 대양면 대야로 86,경남 합천군 대양면 양산리 568-5,48890410,대양면,35.503352301046,128.167633908218,OK,kakao,경남 합천군 대양면 대야로 86,경남 합천군 대양면 대야로 86
SHELTER_058,신기마을경로당,경남 합천군 봉산면 압곡2길 40,경남 합천군 봉산면 압곡리 167-1,48890310,봉산면,35.6386243587548,128.057251201155,OK,kakao,경남 합천군 봉산면 압곡2길 40,경남 합천군 봉산면 압곡2길 40
SHELTER_059,신소양경로당,경남 합천군 합천읍 신소양1길 4,경남 합천군 합천읍 영창리 54-2,48890250,합천읍,35.5789916345034,128.167751791554,OK,kakao,경남 합천군 합천읍 신소양1길 4,경남 합천군 합천읍 신소양1길 4
SHELTER_060,쌍책면사무소,경남 합천군 쌍책면 성산큰길 48,경남 합천군 쌍책면 성산리 602,48890370,쌍책면,35.5759660696927,128.282248037699,OK,kakao,경남 합천군 쌍책면 성산큰길 48,경남 합천군 쌍책면 성산큰길 48
SHELTER_061,안계경로당,경남 합천군 쌍백면 안계3길 9,경남 합천군 쌍백면 안계리 886-4,48890420,쌍백면,35.4410310870171,128.186064027337,OK,kakao,경남 합천군 쌍백면 안계3길 9,경남 합천군 쌍백면 안계3길 9
SHELTER_062,안구경로당,경남 합천군 쌍백면 평구1길 52,경남 합천군 쌍백면 평구리 835-2,48890420,쌍백면,35.4350578650784,128.138494203257,OK,kakao,경남 합천군 쌍백면 평구1길 52,경남 합천군 쌍백면 평구1길 52
SHELTER_063,안동경로당,경남 합천군 삼가면 외토1길 13-2,경남 합천군 삼가면 외토리 810,48890430,삼가면,35.3841291312709,128.097499123479,OK,kakao,경남 합천군 삼가면 외토1길 13-2,경남 합천군 삼가면 외토1길 13-2
SHELTER_064,야로리2구경로당,경남 합천군 야로면 돈평길 80-1,경남 합천군 야로면 야로리 89-1,48890340,야로면,35.7156305621223,128.173563583864,OK,kakao,경남 합천군 야로면 돈평길 80-1,경남 합천군 야로면 돈평길 80-1
SHELTER_065,야천1구경로당,경남 합천군 가야면 가야시장로 95,경남 합천군 가야면 야천리 471-1,48890330,가야면,35.7633097701741,128.138809746644,OK,kakao,경남 합천군 가야면 가야시장로 95,경남 합천군 가야면 가야시장로 95
SHELTER_066,양리고정경로당,경남 합천군 대병면 고정길 8,경남 합천군 대병면 양리 357-10,48890450,대병면,35.505184337847,128.031735282525,OK,kakao,경남 합천군 대병면 고정길 8,경남 합천군 대병면 고정길 8
SHELTER_067,양전경로당,경남 합천군 삼가면 양전2길 39,경남 합천군 삼가면 양전리 205,48890430,삼가면,35.4258117120873,128.137579641662,OK,kakao,경남 합천군 삼가면 양전2길 39,경남 합천군 삼가면 양전2길 39
SHELTER_068,오방동경로당,경남 합천군 청덕면 앙진2길 6-2,경남 합천군 청덕면 앙진리 267-5,48890390,청덕면,35.5130374304547,128.363602816049,OK,kakao,경남 합천군 청덕면 앙진2길 6-2,경남 합천군 청덕면 앙진2길 6-2
SHELTER_069,외삼경로당,경남 합천군 청덕면 외삼학길 166,경남 합천군 청덕면 삼학리 177,48890390,청덕면,35.5871016414803,128.352506783438,OK,kakao,경남 합천군 청덕면 외삼학길 166,경남 합천군 청덕면 외삼학길 166
SHELTER_070,용주경로당,경남 합천군 용주면 용지길 10,경남 합천군 용주면 용지리 248-4,48890460,용주면,35.5388400305391,128.114639013943,OK,kakao,경남 합천군 용주면 용지길 10,경남 합천군 용주면 용지길 10
SHELTER_071,용주우곡야외쉼터,경남 합천군 용주면 우곡계성길 164,경남 합천군 용주면 우곡리 575,48890460,용주면,35.5681490460064,128.073420753994,OK,kakao,경남 합천군 용주면 우곡계성길 164,경남 합천군 용주면 우곡계성길 164
SHELTER_072,원금경로당,경남 합천군 삼가면 금리1길 38,경남 합천군 삼가면 금리 505-7,48890430,삼가면,35.4175205366979,128.116617817773,OK,kakao,경남 합천군 삼가면 금리1길 38,경남 합천군 삼가면 금리1길 38
SHELTER_073,원당마을회관,경남 합천군 초계면 원당길 42,경남 합천군 초계면 원당리 305-4,48890360,초계면,35.537787746426,128.239816380667,OK,kakao,경남 합천군 초계면 원당길 42,경남 합천군 초계면 원당길 42
SHELTER_074,원송경로당,경남 합천군 대병면 성리3길 21,경남 합천군 대병면 성리 774,48890450,대병면,35.5246455898425,128.055244383218,OK,kakao,경남 합천군 대병면 성리3길 21,경남 합천군 대병면 성리3길 21
SHELTER_075,유천경로당,경남 합천군 청덕면 앙진1길 7-3,경남 합천군 청덕면 앙진리 738-5,48890390,청덕면,35.503714756545,128.360734507328,OK,kakao,경남 합천군 청덕면 앙진1길 7-3,경남 합천군 청덕면 앙진1길 7-3
SHELTER_076,율곡면사무소,경남 합천군 율곡면 영전3길 26 (율곡면사무소),경남 합천군 율곡면 영전리 455-1,48890350,율곡면,35.5723543949159,128.218009894948,OK,kakao,경남 합천군 율곡면 영전3길 26 (율곡면사무소),경남 합천군 율곡면 영전3길 26 (율곡면사무소)
SHELTER_077,율원경로당,경남 합천군 덕곡면 율원1길 19-4,경남 합천군 덕곡면 율원리 419-1,48890380,덕곡면,35.6400573916477,128.29112814052,OK,kakao,경남 합천군 덕곡면 율원1길 19-4,경남 합천군 덕곡면 율원1길 19-4
SHELTER_078,율지경로당,경남 합천군 덕곡면 율지2길 26,경남 합천군 덕곡면 율지리 90-2,48890380,덕곡면,35.6143125095954,128.358671065646,OK,kakao,경남 합천군 덕곡면 율지2길 26,경남 합천군 덕곡면 율지2길 26
SHELTER_079,이계경로당,경남 합천군 대양면 이계길 111,경남 합천군 대양면 대목리 942-2,48890410,대양면,35.5175311982279,128.161056615585,OK,kakao,경남 합천군 대양면 이계길 111,경남 합천군 대양면 이계길 111
SHELTER_080,이부경로당,경남 합천군 삼가면 일부1길 17-1,경남 합천군 삼가면 일부리 820,48890430,삼가면,35.4129248691707,128.123791431126,OK,kakao,경남 합천군 삼가면 일부1길 17-1,경남 합천군 삼가면 일부1길 17-1
SHELTER_081,이암경로당,경남 합천군 쌍백면 하안삼리길 308,경남 합천군 쌍백면 죽전리 663-4,48890420,쌍백면,35.4536246491694,128.11801867724,OK,kakao,경남 합천군 쌍백면 하안삼리길 308,경남 합천군 쌍백면 하안삼리길 308
SHELTER_082,장동경로당,경남 합천군 덕곡면 장리5길 20,경남 합천군 덕곡면 장리 342,48890380,덕곡면,35.6248831760679,128.326373263618,OK,kakao,경남 합천군 덕곡면 장리5길 20,경남 합천군 덕곡면 장리5길 20
SHELTER_083,적중면사무소,경남 합천군 적중면 적중로 98,경남 합천군 적중면 상부리 16-1,48890400,적중면,35.5475821847603,128.278569202682,OK,kakao,경남 합천군 적중면 적중로 98,경남 합천군 적중면 적중로 98
SHELTER_084,정대1구경로당,경남 합천군 야로면 가야산로 242-3,경남 합천군 야로면 정대리 520-3,48890340,야로면,35.6965004791618,128.167822717586,OK,kakao,경남 합천군 야로면 가야산로 242-3,경남 합천군 야로면 가야산로 242-3
SHELTER_085,정대3구경로당,경남 합천군 야로면 보탑길 28-1,경남 합천군 야로면 정대리 1168,48890340,야로면,35.6874603080405,128.171869479125,OK,kakao,경남 합천군 야로면 보탑길 28-1,경남 합천군 야로면 보탑길 28-1
SHELTER_086,정토경로당,경남 합천군 적중면 정토양림길 10,경남 합천군 적중면 정토리 218-5,48890400,적중면,35.5299802620358,128.256880185284,OK,kakao,경남 합천군 적중면 정토양림길 10,경남 합천군 적중면 정토양림길 10
SHELTER_087,제곡경로당,경남 합천군 삼가면 외토5길 28-2,경남 합천군 삼가면 외토리 1241,48890430,삼가면,35.3731841443679,128.092490175371,OK,kakao,경남 합천군 삼가면 외토5길 28-2,경남 합천군 삼가면 외토5길 28-2
SHELTER_088,죽고경로당,경남 합천군 적중면 죽고길 161,경남 합천군 적중면 죽고리 47-5,48890400,적중면,35.5635633725243,128.305942097842,OK,kakao,경남 합천군 적중면 죽고길 161,경남 합천군 적중면 죽고길 161
SHELTER_089,중흥동경로당,경남 합천군 합천읍 중흥길 25,경남 합천군 합천읍 합천리 1021,48890250,합천읍,35.5657206080635,128.155993314718,OK,kakao,경남 합천군 합천읍 중흥길 25,경남 합천군 합천읍 중흥길 25
SHELTER_090,진정경로당,경남 합천군 쌍책면 진정1길 137,경남 합천군 쌍책면 진정리 301-2,48890370,쌍책면,35.5937098062737,128.291083660554,OK,kakao,경남 합천군 쌍책면 진정1길 137,경남 합천군 쌍책면 진정1길 137
SHELTER_091,창동마을회관,경남 합천군 합천읍 중앙로 27,경남 합천군 합천읍 합천리 856-5,48890250,합천읍,35.5632974246014,128.157948711159,OK,kakao,경남 합천군 합천읍 중앙로 27,경남 합천군 합천읍 중앙로 27
SHELTER_092,하림1구경로당,경남 합천군 야로면 하림길 11,경남 합천군 야로면 하림리 148-2,48890340,야로면,35.7486183723163,128.155854222932,OK,kakao,경남 합천군 야로면 하림길 11,경남 합천군 야로면 하림길 11
SHELTER_093,하빈1구경로당,경남 합천군 야로면 하빈1길 23-13,경남 합천군 야로면 하빈리 450-7,48890340,야로면,35.710705978051,128.178283421907,OK,kakao,경남 합천군 야로면 하빈1길 23-13,경남 합천군 야로면 하빈1길 23-13
SHELTER_094,함지경로당,경남 합천군 대양면 함지길 120,경남 합천군 대양면 함지리 159,48890410,대양면,35.491132058369,128.163543046735,OK,kakao,경남 합천군 대양면 함지길 120,경남 합천군 대양면 함지길 120
SHELTER_095,합천읍사무소,경남 합천군 합천읍 중앙로 61 (읍사무소),경남 합천군 합천읍 합천리 789,48890250,합천읍,35.5658279291165,128.157816801614,OK,kakao,경남 합천군 합천읍 중앙로 61 (읍사무소),경남 합천군 합천읍 중앙로 61 (읍사무소)
SHELTER_096,항곡2구경로당,경남 합천군 율곡면 항곡3길 27,경남 합천군 율곡면 항곡리 745-1,48890350,율곡면,35.6090782119845,128.211386381613,OK,kakao,경남 합천군 율곡면 항곡3길 27,경남 합천군 율곡면 항곡3길 27
SHELTER_097,해곡경로당,경남 합천군 용주면 해곡1길 1,경남 합천군 용주면 평산리 164,48890460,용주면,35.5336829951427,128.123119644857,OK,kakao,경남 합천군 용주면 해곡1길 1,경남 합천군 용주면 해곡1길 1
SHELTER_098,황계경로당,경남 합천군 용주면 황계폭포로 484,경남 합천군 용주면 황계리 287-4,48890460,용주면,35.5115005435227,128.080607819975,OK,kakao,경남 합천군 용주면 황계폭포로 484,경남 합천군 용주면 황계폭포로 484
SHELTER_099,회양2구경로당,경남 합천군 대병면 서부로 1951,경남 합천군 대병면 회양리 343-8,48890450,대병면,35.5181937649423,128.020119617513,OK,kakao,경남 합천군 대병면 서부로 1951,경남 합천군 대병면 서부로 1951
SHELTER_100,횡보경로당,경남 합천군 적중면 횡보길 26,경남 합천군 적중면 죽고리 785-34,48890400,적중면,35.5706287417464,128.293643342773,OK,kakao,경남 합천군 적중면 횡보길 26,경남 합천군 적중면 횡보길 26
SHELTER_101,후사경로당,경남 합천군 대양면 안금1길 96,경남 합천군 대양면 안금리 815,48890410,대양면,35.4901426991335,128.182377175716,OK,kakao,경남 합천군 대양면 안금1길 96,경남 합천군 대양면 안금1길 96
